ID,Name,Brand,Category,Price (EGP),Original Price (EGP),In Stock,Primary Image,Gallery Images Count,SKU,Source URL,Description
"2144","كرتونه مكونه من 4 اسمارت لوك براند باندا موديل 2625","Smart Home","smart-locks","35000","38000","Yes","https://electro-z-smart.com/wp-content/uploads/2026/08/كك.jpeg","5","EZS-2144","https://electro-z-smart.com/product/%d9%83%d8%b1%d8%aa%d9%88%d9%86%d9%87-%d9%85%d9%83%d9%88%d9%86%d9%87-%d9%85%d9%86-4-%d8%a7%d8%b3%d9%85%d8%a7%d8%b1%d8%aa-%d9%84%d9%88%d9%83-%d8%a8%d8%b1%d8%a7%d9%86%d8%af-%d8%a8%d8%a7%d9%86%d8%af%d8%a7/","سمارت لوك باندا 2625 بصمة • باسورد • كارت • تطبيق موبايل • كاميرا مدمجة • مفتاح طوارئ تصميم أنيق وخامات عالية الجودة يناسب الشقق والفيلات والمكاتب."
"2138","باكيدح كالون SIB + UPS + DOOR CLOSER 80K + EXIT BUTTON","SIB","smart-locks","5200","5500","Yes","https://electro-z-smart.com/wp-content/uploads/2026/08/حح.jpeg","5","EZS-2138","https://electro-z-smart.com/product/%d8%a8%d8%a7%d9%83%d9%8a%d8%af%d8%ad-%d9%83%d8%a7%d9%84%d9%88%d9%86-sib-ups-door-closer-80k-exit-button/","باكدج متكامل للتحكم في الدخول والخروج بأمان وسهولة، ويشمل: * 🔒 كالون SIB One واحد * ⚡ UPS / Power Supply + Charger بقدرة 12V – 5A * 🚪 Door Closer يتحمل حتى 80 كجم * 🔘 Exit Button لفتح الكالون من ال"
"2128","Lezn R8 Face Version Smart Door Lock – Black Gold-2378","Lezn","smart-locks","15215","17900","Yes","https://electro-z-smart.com/wp-content/uploads/2026/08/r8.webp","1","EZS-2128","https://electro-z-smart.com/product/lezn-r8-face-version-smart-door-lock-black-gold-2378/","Brand: Lezn Type: Smart Door Lock Key Features: – FOR Wooden Doors, Steel Doors – Direction left and right compatible – WIFI 2.4 G TUYA & Smart Life APP – Face version (CAMERA Color Night Vision) – Tw"
"2126","Lezn I7 Cat Eye Smart Door Lock with Camera, Internal Screen & App Control","Lezn","smart-locks","12226","14384","Yes","https://electro-z-smart.com/wp-content/uploads/2026/08/i7-33.webp","1","EZS-2126","https://electro-z-smart.com/product/lezn-i7-cat-eye-smart-door-lock-with-camera-internal-screen-app-control/","Brand Lezn Model I7 Cat Eye Product Type Smart door lock with camera and internal screen Recommended Doors Wooden and armored doors Connectivity 2.4GHz WiFi App Tuya / Smart Life Unlocking Methods Fin"
"2123","Lezn Lock R05 cat Eye -Black","Lezn","smart-locks","11894","13993","Yes","https://electro-z-smart.com/wp-content/uploads/2026/08/R05.jpg","1","EZS-2123","https://electro-z-smart.com/product/lezn-lock-r05-cat-eye-black/","Brand: Lezn Type: Smart Door Lock Key Features: – FOR Wooden Doors / Steel Doors – Direction left and right compatible. – WIFI 2.4 G TUYA & Smart Life APP. – CAT EYE (CAMERA Color Night Vision). – Fin"
"2121","Lezn Cat Eye i7 Smart Door Lock With Fingerprint, Black – 2383","Lezn","smart-locks","11815","13900","Yes","https://electro-z-smart.com/wp-content/uploads/2026/08/I7-2.webp","1","EZS-2121","https://electro-z-smart.com/product/lezn-cat-eye-i7-smart-door-lock-with-fingerprint-black-2383/","Brand: Lezn Type: Smart Door Lock Support: – LIVE VIDEO 60 second – Two-way Audio – Face Recognition – Fingerprint – Password – Card – TUYA APP Model Name: Cat Eye i7 Model Number: 2383 Color: Black"
"2119","Lezn I13 -2513","Lezn","smart-accessories","11810","13895","Yes","https://electro-z-smart.com/wp-content/uploads/2026/08/I13-2.webp","1","EZS-2119","https://electro-z-smart.com/product/lezn-i13-2513/","Brand: Lezn Type: Door Lock Tamper alarm Power supply mode: DC-7.4V 4200mAh lithium battery Remote unlocking: Tuya & Smart Life Display: 4.5 inch HD Static power consumption: ≤200uA External emergency"
"2117","Lezn K9 Cat Eye-2661","Lezn","smart-locks","11730","13800","Yes","https://electro-z-smart.com/wp-content/uploads/2026/08/K9.webp","1","EZS-2117","https://electro-z-smart.com/product/lezn-k9-cat-eye-2661/","Brand: Lezn Type: Smart Door Lock Key Features: – FOR Wooden Doors / Steel Doors – Direction left and right compatible. – WIFI 2.4 G TUYA & Smart Life APP. – CAT EYE (CAMERA Color Night Vision). – Fin"
"2115","Lezn Cat Eye i7-2384","Lezn","smart-locks","11602","13650","Yes","https://electro-z-smart.com/wp-content/uploads/2026/08/I7.webp","1","EZS-2115","https://electro-z-smart.com/product/lezn-cat-eye-i7-2384/","Brand: Lezn Type: Smart Door Lock Support: – LIVE VIDEO 60 second – Two-way Audio – Face Recognition – Fingerprint – Password – Card – TUYA APP Model Name: Cat Eye i7 Model Number: 2383 Color: Black"
"2113","Lezn R02 Cat Eye-2666","Lezn","smart-locks","11477","13503","Yes","https://electro-z-smart.com/wp-content/uploads/2026/08/R02.webp","1","EZS-2113","https://electro-z-smart.com/product/lezn-r02-cat-eye-2666/","قفل ذكي Lezn R02 Cat Eye بتقنيات Tuya & Smart Life ، يدعم الاتصال بالواي فاي 2.4GHz ، مع إمكانية التحكم في القفل عن طريق تطبيق الموبايل. يفتح في الاتجاهين يمين ويسار . رؤية مباشرة للباب + صوت ثنائي ال"
"2111","Lezn i11 Smart Lock -2516","Lezn","smart-locks","9730","11448","Yes","https://electro-z-smart.com/wp-content/uploads/2026/08/i11.webp","1","EZS-2111","https://electro-z-smart.com/product/lezn-i11-smart-lock-2516/","🔓 طرق الفتح المتعددة: ✔️ بصمة الإصبع (Fingerprint) ✔️ الرقم السري (Password) ✔️ كارت (Card) ✔️ مفتاح طوارئ (Key Emergency) 📱 تحكم بالموبايل: عن طريق TUYA APP ✔️ فتح وقفل الباب بسهولة ✔️ إنشاء كلمات "
"2100","q80","Smart Home","security-cameras","1995","2100","Yes","https://electro-z-smart.com/wp-content/uploads/2026/08/cam1.jpg","3","EZS-2100","https://electro-z-smart.com/product/q80/","Cam wifi wirless Two lens ( 2mp ) App tuya and smart life Human Detection Two way audio Pir Night vision Sapprt card memory 128G Panpramic motioning Control is light Control is alarm app Sapprt alexa"
"2083","4 Gang switch module (Zigbee)","Zosar","smart-switches","1080","1200","Yes","https://electro-z-smart.com/wp-content/uploads/2026/07/2g1.avif","2","EZS-2083","https://electro-z-smart.com/product/4-gang-switch-module-zigbee/","On/Off Remote Control Voice Control Timer Relay Status Voltage:AC100-240V 50/60Hz Max. load: 4*2500W/4*10A LED load: 4*250W for Led Lamp WiFi frequency:2.4GHz-2.484GHz IEEE802.15.4 Operation temp.:-10"
"2080","1 Gang switch module (Zigbee)","Zosar","smart-switches","630","700","Yes","https://electro-z-smart.com/wp-content/uploads/2026/07/1g.avif","1","EZS-2080","https://electro-z-smart.com/product/1-gang-switch-module-zigbee/","On/Off Remote Control Voice Control Timer Relay Status Voltage:AC100-240V 50/60Hz Max. load: 3500W/16A LED load: 300W for Led Lamp WiFi frequency:2.4GHz-2.484GHz IEEE802.15.4 Operation temp.:-10°C-+40"
"2071","Zigbee LAN Gateway","Zosar","smart-controllers","1800","2000","Yes","https://electro-z-smart.com/wp-content/uploads/2026/07/without.avif","1","EZS-2071","https://electro-z-smart.com/product/zigbee-lan-gateway-2/","Zigbee wired gateway Power input: 5V1A Working power supply: Working temperature:- 10°C-55°C Working humidity: 10% -90% RH (non condensing) Wireless technology: Zigbee 1. Remote control ZigBee sub-dev"
"2070","Zigbee LAN Gateway with antena","Zosar","smart-controllers","1980","2200","Yes","https://electro-z-smart.com/wp-content/uploads/2026/07/ant.avif","1","EZS-2070","https://electro-z-smart.com/product/zigbee-lan-gateway-with-antena/","Zigbee wired gateway Power input: 5V1A Working power supply: Working temperature:- 10°C-55°C Working humidity: 10% -90% RH (non condensing) Wireless technology: Zigbee 1. Remote control ZigBee sub-dev"
"2069","WiFi IR Remote Control","Zosar","smart-accessories","756","840","Yes","https://electro-z-smart.com/wp-content/uploads/2026/07/ir.avif","1","EZS-2069","https://electro-z-smart.com/product/wifi-ir-remote-control/","Universal IR controlle: It supports 50,000+ IR (only 38KHz IR, no RF) control devices, including air conditioners, TVs, TV boxes, DVDs, audio, personal video recorders, and receivers. Large database c"
"2059","Zigbee LAN Gateway","Zosar","smart-controllers","1800","2000","Yes","https://electro-z-smart.com/wp-content/uploads/2026/07/ant.avif","2","EZS-2059","https://electro-z-smart.com/product/zigbee-lan-gateway/","Zigbee wired gateway Power input: 5V1A Working power supply: Working temperature:- 10°C-55°C Working humidity: 10% -90% RH (non condensing) Wireless technology: Zigbee 1. Remote control ZigBee sub-dev"
"2055","Zigbee Smoke Sensor (without battery)","Zosar","smart-sensors","1008","1120","Yes","https://electro-z-smart.com/wp-content/uploads/2026/07/s1.avif","2","EZS-2055","https://electro-z-smart.com/product/zigbee-smoke-sensor-without-battery/","Detect smoke Quick alarm No wiring required mobile phone alarm SMS notification Intelligent linkage long-term standby Low battery reminder Input voltage: DC3V LRO3 Quiescent current: ≤10uA Working cur"
"2050","Zigbee Gas Detector (EU plug)","Zosar","smart-plugs","1210","1345","Yes","https://electro-z-smart.com/wp-content/uploads/2026/07/p1.avif","3","EZS-2050","https://electro-z-smart.com/product/zigbee-gas-detector-eu-plug/","Mobile APP Control Intelligent linkage High Decibel Alarm Remote Valve Shut-Off Fault self check Plug and Play Working Voltage: AC 85V-250V Average Consumption: Alarm Sound: 70dB/m Alarm Density: 6%LE"
"2043","Zigbee Water Leak Sensor","Zosar","smart-sensors","810","900","Yes","https://electro-z-smart.com/wp-content/uploads/2026/07/w1.avif","2","EZS-2043","https://electro-z-smart.com/product/zigbee-water-leak-sensor/","Zigbee3.0 wireless protocol Support quick detection of flooding then push the alarm information One-click to add devices quickly Real-time information can be pushed through the APP when an exception o"
"2037","Zigbee Temperature and Humidity Sensor","Zosar","smart-sensors","810","900","Yes","https://electro-z-smart.com/wp-content/uploads/2026/07/h1.avif","3","EZS-2037","https://electro-z-smart.com/product/zigbee-temperature-and-humidity-sensor/","Zigbee3.0 wireless protocol Detect the temperature and humidity in the environment The status can be checked through the mobile phone One-click to add devices quickly Working voltage: 3V Standby curre"
"2030","Zigbee Door and Window Sensor","Zosar","smart-sensors","756","840","Yes","https://electro-z-smart.com/wp-content/uploads/2026/07/z1.avif","2","EZS-2030","https://electro-z-smart.com/product/zigbee-door-and-window-sensor/","Real-time monitoring of every opening and closing of doors and windows Setting Scene linkage with zigbee smart gateway and other smart products (Such as lights, cameras, switches) Low battery warning,"
"2025","Zigbee Door and Window Sensor+Light Sensor","Zosar","smart-sensors","810","900","Yes","https://electro-z-smart.com/wp-content/uploads/2026/07/l1.avif","3","EZS-2025","https://electro-z-smart.com/product/zigbee-door-and-window-sensorlight-sensor/","Real-time monitoring of every opening and closing of doors and windows Setting Scene linkage with zigbee smart gateway and other smart products (Such as lights, cameras, switches) Low battery warning,"
"2021","Zigbee Shake Detector for window glasses or drawer","Zosar","smart-accessories","900","1000","Yes","https://electro-z-smart.com/wp-content/uploads/2026/07/t1.avif","6","EZS-2021","https://electro-z-smart.com/product/zigbee-shake-detector-for-window-glasses-or-drawer/","Zigbee3.0 wireless protocol Detect for vibration Support preset alarm conditions on the APP and link the equipment Installed in a variety of scenarios Working voltage: 3V Battery type: CR2450 Wireless"
"2014","Multimode Gateway","Zosar","smart-controllers","1620","1800","Yes","https://electro-z-smart.com/wp-content/uploads/2026/07/multi-1.avif","2","EZS-2014","https://electro-z-smart.com/product/multimode-gateway/","smart gateway (zigbee+bluetooth) wifi linked adabter :5v==1a working tempreture : -10c 55c working humidity : 10% -90% wireless technology : 2.4G wifi"
"2004","LEZN 2398 i10 Cat eye","Lezn","smart-locks","12059","14188","Yes","https://electro-z-smart.com/wp-content/uploads/2026/07/1-6-1.jpg","1","EZS-2004","https://electro-z-smart.com/product/lezn-2398-i10-cat-eye/","TUYA & SMART LIFE APP Two way Audio – Live Video 55 second Fingerprint – Password Key Emergency – Card Color Night Vision"
"2002","LEZN K80 gold 2679","Lezn","smart-accessories","7879","9270","No","https://electro-z-smart.com/wp-content/uploads/2026/07/k80.jpg","1","EZS-2002","https://electro-z-smart.com/product/lezn-k80-gold-2679/","Fingerprint- Password Key Emergency Time Limited password Card Color Champagne"
"1977","I15Ai Face Version 2781","Levana","smart-locks","9980","11742","Yes","https://electro-z-smart.com/wp-content/uploads/2026/06/153.webp","3","EZS-1977","https://electro-z-smart.com/product/i15ai-face-version-2781/","TUYA & SMART LIFE APP Ai smart lock Audio instructions 🗣 Hi, Levana Fingerprint – Password Key Emergency – Card No alexa"
"1962","SONOFF L3 Pro RGBIC Smart LED Strip Lights-5M/16.4Ft","Sonoff","smart-lighting","1620","1800","Yes","https://electro-z-smart.com/wp-content/uploads/2026/06/r1.jpg","5","EZS-1962","https://electro-z-smart.com/product/sonoff-l3-pro-rgbic-smart-led-strip-lights-5m-16-4ft/","【Smart RGBIC Effects】 Unlike RGB, SONOFF L3 Pro RGBIC LED strip lights can display multiple colors simultaneously, creating a colorful lighting atmosphere. 【44 Preset Lighting Effect Scenes】 44 lighti"
"1956","SONOFF Fusion Series 1-Gang Wall Switch Enclosure | E1GS/E1GSL","Sonoff","smart-switches","486","540","Yes","https://electro-z-smart.com/wp-content/uploads/2026/06/g1.jpg","4","EZS-1956","https://electro-z-smart.com/product/sonoff-fusion-series-1-gang-wall-switch-enclosure-e1gs-e1gsl/","【Made of PC Material】 Fireproof, scratch-resistant, and durable without deformation over time. 【Clip-on Installation Design】 The innovative clip-on design greatly simplifies the wiring process. It is "
"1951","ONOFF Fusion Series Roller Shutter Wall Switch Enclosure | ERBS","Sonoff","smart-switches","486","540","Yes","https://electro-z-smart.com/wp-content/uploads/2026/06/e1.jpg","6","EZS-1951","https://electro-z-smart.com/product/onoff-fusion-series-roller-shutter-wall-switch-enclosure-erbs/","【Made of PC Material 】Fireproof, scratch-resistant, and durable without deformation over time. 【 Clip-on Installation Design 】Reduces wiring complexity and enhances user Experience. 【 Micro-arc Button"
"1944","SONOFF Fusion Series Orb-RBS Matter Over WiFi Smart Roller Shutter Wall Switch | MINI-RBS-E","Sonoff","smart-switches","1260","1400","Yes","https://electro-z-smart.com/wp-content/uploads/2026/06/f1.webp","6","EZS-1944","https://electro-z-smart.com/product/sonoff-fusion-series-orb-rbs-matter-over-wifi-smart-roller-shutter-wall-switch-mini-rbs-e/","【Matter Compatibility】 With Matter protocol support, Orb-RBS breaks down ecosystem barriers—seamlessly working with Apple Home, Google Home, Alexa, Home Assistant, and SmartThings. Enjoy effortless co"
"1928","SONOFF Basic Gen5 Matter Over WiFi Smart Switch | BASIC-1GS","Sonoff","smart-switches","540","600","Yes","https://electro-z-smart.com/wp-content/uploads/2026/06/1.webp","4","EZS-1928","https://electro-z-smart.com/product/sonoff-basic-gen5-matter-over-wifi-smart-switch-basic-1gs-2/","【Matter Protocol】 Basic Gen5 is a Matter-certified device, it can be integrated into Matter-enabled platforms, such as Alexa, Apple Home, Google Home, Home Assistant, etc. Allowing you to work with ot"
"1916","Circuit Breaker 100A-2P (PM)","eWeLink","smart-accessories","5445","6050","Yes","https://electro-z-smart.com/wp-content/uploads/2026/05/IMG-20260525-WA0054.jpg","1","EZS-1916","https://electro-z-smart.com/product/circuit-breaker-100a-2p-pm/","This product only support above input, down output. Please don’t reverse, otherwise the handle can’t push up. Some customers have a distribution box at home, the input line is below, and the output is"
"1891","DC04","SIB","smart-accessories","2063","2063","Yes","https://electro-z-smart.com/wp-content/uploads/2026/04/Screenshot-2026-04-21-084459.jpg","1","2054","https://electro-z-smart.com/product/dc04/","Automatic Door Closer 110 KG fast and slow Aluminum housing Door Close"
"1890","Door closer 60/80","SIB","smart-sensors","1142","1142","Yes","https://electro-z-smart.com/wp-content/uploads/2026/04/Screenshot-2026-04-21-084459.jpg","1","1142","https://electro-z-smart.com/product/door-closer-60-80/","Automatic Door Closer 60/80 KG fast and slow Aluminum housing Special for iron doors"
"1889","DC02 Radius or ( Hexagonal )Cover","SIB","smart-accessories","1211","1211","Yes","https://electro-z-smart.com/wp-content/uploads/2026/04/Screenshot-2026-04-21-084459.jpg","1","2442","https://electro-z-smart.com/product/dc02-radius-or-hexagonal-cover/","Automatic Door Closer 45/60 KG fast and slow Aluminum housing Door Closer"
"1887","L02C-NO","SIB","smart-accessories","1177","1177","Yes","https://electro-z-smart.com/wp-content/uploads/2026/04/Screenshot-2026-04-21-084211.jpg","1","140","https://electro-z-smart.com/product/l02c-no/","Electric Strike lock electronic door lock The door opening direction can be adjusted freely Power 6/12V DC/AC NO” means” locked when power off, unlocked when power on"
"1886","L02C-NC","SIB","smart-accessories","1650","1650","Yes","https://electro-z-smart.com/wp-content/uploads/2026/04/Screenshot-2026-04-21-084211.jpg","1","12","https://electro-z-smart.com/product/l02c-nc/","Electric Strike lock electronic door lock The door opening direction can be adjusted freely Power 6/12V DC/AC NC” means” locked when power on, unlocked when power OFF"
"1884","L500B-5","SIB","smart-accessories","3438","3438","Yes","https://electro-z-smart.com/wp-content/uploads/2026/04/Screenshot-2026-04-21-083427.jpg","1","EZS-1884","https://electro-z-smart.com/product/l500b-5/","500KG Magnetic Lock Access Control Electric Cabinet Lock / Relay NO-COM-NC Lock size 265Lx72Wx40H (mm) Armature plate 185Lx60Wx13H (mm) / Holding Force: 500kg Input Voltage: 12V DC/24V DC / Current: 1"
"1883","L280KG","SIB","smart-accessories","1249","1249","Yes","https://electro-z-smart.com/wp-content/uploads/2026/04/Screenshot-2026-04-21-083427.jpg","1","2421","https://electro-z-smart.com/product/l280kg/","Magnetic Lock Access Control Electric Cabinet Lock / Relay NO-COM-NC Size: 25Lx4,50Wx2,50H(Cm) Armature plate 180Lx38Wx12H (mm) Holding Force: 280kg / Input Voltage: 12VDC Current: 12V/500mA 24V/250mA"
"1878","L180KG","SIB","smart-accessories","943","943","Yes","https://electro-z-smart.com/wp-content/uploads/2026/04/Screenshot-2026-04-21-083416.jpg","1","2592","https://electro-z-smart.com/product/l180kg/","Magnetic 180kg Water PROFF"
"1877","L60B","SIB","smart-accessories","928","928","Yes","https://electro-z-smart.com/wp-content/uploads/2026/04/Screenshot-2026-04-21-083406.jpg","1","2419","https://electro-z-smart.com/product/l60b/","Mini electric magnetic lock 60KG 12V and 24V are available, time Lock size 79L x 38W x 23H (mm) Armature plate 75L x 31W x10H (mm) Finishes for magnetic Zinc Finishes for armature Zinc"
"1874","OP07","SIB","smart-accessories","220","220","Yes","https://electro-z-smart.com/wp-content/uploads/2026/04/Screenshot-2026-04-21-083211.jpg","1","23","https://electro-z-smart.com/product/op07/","Switch Exit button New, easy to open and install Dimensions: 86Lx86Wx32H(mm) 2 terminal connection 3A 12V/24V DC"
"1872","OP04","SIB","smart-accessories","550","550","Yes","https://electro-z-smart.com/wp-content/uploads/2026/04/Screenshot-2026-04-21-082942.jpg","1","2644","https://electro-z-smart.com/product/op04/","EXIT BUTTEN METAL Stainless Panel Exit Button for Access Control System Output Contact: NO\COM/NC 12V DC 3A"
"1870","OP17","SIB","smart-accessories","503","503","Yes","https://electro-z-smart.com/wp-content/uploads/2026/04/Screenshot-2026-04-21-082727.jpg","1","2637","https://electro-z-smart.com/product/op17/","Exit Steel Button No touch Dimensions: 86L*86W*35H(mm) 5 terminal connection / 12+V Gnd No Com Nc 12V:24V DC 3A / Operating temp -10c:55c Operating Humidity 0-95% (non-condensing) Detection range 0.1-"
"1868","OP08","SIB","smart-accessories","455","455","Yes","https://electro-z-smart.com/wp-content/uploads/2026/04/Screenshot-2026-04-21-082431.jpg","1","2591","https://electro-z-smart.com/product/op08/","EXIT button Standard Structure:glass panels, metal button 2 terminal connection 3A 12V DC"
"1866","OP2602","SIB","smart-accessories","627","627","Yes","https://electro-z-smart.com/wp-content/uploads/2026/04/Screenshot-2026-04-21-082012.jpg","1","2675","https://electro-z-smart.com/product/op2602/","IP 68 Exit Button No touch Dimensions: 86L*86W*23H(mm) terminal connection 5 V Gnd No Com Nc+12 V DC 600mA12 Operating temp -30c:60c Operating Humidity 20-80% Detection range 7 cm"
"1864","OP2602-W (tuya)","Tuya","smart-accessories","1021","1021","Yes","https://electro-z-smart.com/wp-content/uploads/2026/04/Screenshot-2026-04-21-081806.jpg","1","2677","https://electro-z-smart.com/product/op2602-w-tuya/","IP 68 Exit Button No touch Tuya & Smart Life App Wifi 2.4G Dimensions: 86L*86W*23H(mm) 5 terminal connection 12+V Gnd No Com Nc 12V DC 600mA Operating temp -30c:60c Operating Humidity 20-80% Detection"
"1862","OP2603-W (tuya)","Tuya","smart-accessories","1021","1021","Yes","https://electro-z-smart.com/wp-content/uploads/2026/04/Screenshot-2026-04-21-081637.jpg","1","1021","https://electro-z-smart.com/product/op2603-w-tuya/","IP 68 Exit Button No touch Tuya & Smart Life App Wifi 2.4G Dimensions: 86L*86W*23H(mm) 5 terminal connection 12+V Gnd No Com Nc 12V DC 600mA Operating temp -30c:60c Operating Humidity 20-80% Detection"
"1860","Stickers card 125Khz","SIB","smart-accessories","40","40","Yes","https://electro-z-smart.com/wp-content/uploads/2026/04/Screenshot-2026-04-21-081418.jpg","1","2700","https://electro-z-smart.com/product/stickers-card-125khz/","Stickers card 125Khz"
"1858","AR1","SIB","smart-accessories","202","202","Yes","https://electro-z-smart.com/wp-content/uploads/2026/04/Screenshot-2026-04-21-081219.jpg","1","1714","https://electro-z-smart.com/product/ar1/","Waterproof Cover Rain"
"1856","ID / Epoxy Tag","SIB","smart-accessories","21","21","Yes","https://electro-z-smart.com/wp-content/uploads/2026/04/Screenshot-2026-04-21-080908.jpg","1","2009","https://electro-z-smart.com/product/id-epoxy-tag/","Tag ID KHZ125"
"1855","IC /Epoxy Tag","SIB","smart-accessories","42","42","Yes","https://electro-z-smart.com/wp-content/uploads/2026/04/Screenshot-2026-04-21-080908.jpg","1","2008","https://electro-z-smart.com/product/ic-epoxy-tag/","Card/CARD Epoxy Tag ID"
"1853","F7EM – W","SIB","smart-accessories","2515","2515","Yes","https://electro-z-smart.com/wp-content/uploads/2026/04/Screenshot-2026-04-21-080234.jpg","1","2650","https://electro-z-smart.com/product/f7em-w/","Waterproof STANDALONE ACCESS CONTROLLER IP68 Fingerprint & Card READER Card reading distance 2 : 4.5 cm WG26/WG34 This unit supports users Card 10,000 and 300 Fingerprint ID 125KHZ Cards EM Proximity "
"1852","-P004EM","SIB","smart-accessories","865","865","Yes","https://electro-z-smart.com/wp-content/uploads/2026/04/Screenshot-2026-04-21-080225.jpg","1","2651","https://electro-z-smart.com/product/p004em/","READER IP68 Card reading distance 2 : 5 cm WG34 ID 125KHZ Cards EM Proximity Easy to install and program Operating Voltage 9 -12V DC Operating Temperature – 45c ~ 60c Operating Humidity 10%~90%"
"1851","EF39EM – W EM ( ID Card ) 125KHZ Proximity","SIB","smart-accessories","2422","2422","Yes","https://electro-z-smart.com/wp-content/uploads/2026/04/Screenshot-2026-04-21-080200.jpg","1","2418","https://electro-z-smart.com/product/ef39em-w-em-id-card-125khz-proximity/","STANDALONE ACCESS CONTROLLER Fingerprint & Card READER Card reading distance 2 : 4.5 cm WG26/WG34 This unit supports users Card 10,000 and 300 Fingerprint ID 125KHZ Cards EM Proximity Easy to install "
"1850","F1EM","SIB","smart-accessories","3520","3520","Yes","https://electro-z-smart.com/wp-content/uploads/2026/04/Screenshot-2026-04-21-080150.jpg","1","2855","https://electro-z-smart.com/product/f1em/","STANDALONE ACCESS CONTROLLER Fingerprint & Card READER This unit supports users Card 10,000 and 300 Fingerprint ID 125KHZ Cards EM Proximity Easy to install and program Operating Voltage 12V -24V DC L"
"1844","M3EM","SIB","smart-accessories","688","688","Yes","https://electro-z-smart.com/wp-content/uploads/2026/04/Screenshot-2026-04-21-074208.jpg","1","2480","https://electro-z-smart.com/product/m3em/","ACCESS CONTROLLER This unit supports users AND Card 500 Password Supports ID 125KHZ Cards EM Proximity Easy to install and program Operating Voltage 12V DC Lock Output Load Max 1A"
"1843","H1401EM – W","SIB","smart-accessories","1887","1887","Yes","https://electro-z-smart.com/wp-content/uploads/2026/04/Screenshot-2026-04-21-074140.jpg","1","2589","https://electro-z-smart.com/product/h1401em-w/","STANDALONE ACCESS CONTROLLER IP68 Card, Code Keypad Metal This unit supports users Card, Code 2000 Card reading distance 2:5 cm Wiegand Interface 26 bit ID 125KHZ Cards EM Proximity Easy to install an"
"1842","S601EM – W","SIB","smart-accessories","1885","1885","Yes","https://electro-z-smart.com/wp-content/uploads/2026/04/Screenshot-2026-04-21-074129.jpg","1","2653","https://electro-z-smart.com/product/s601em-w/","STANDALONE ACCESS CONTROLLER ( OUT DOOR ) IP 68 Metal case, anti -vandal Card, Code Keypad Metal This unit supports users Card, Code 2000 Card reading distance 2:5 cm Wiegand Interface 26 bit ID 125KH"
"1841","7612EM","SIB","smart-accessories","1807","1807","Yes","https://electro-z-smart.com/wp-content/uploads/2026/04/Screenshot-2026-04-21-074117.jpg","1","2632","https://electro-z-smart.com/product/7612em/","STANDALONE ACCESS CONTROLLER Card, Code Keypad Metal Does not support copied Tags This unit supports users Card, Code 2000 Card reading distance 2:5 cm WG26/WG34 ID 125KHZ Cards EM Proximity Easy to i"
"1840","S601EM","SIB","smart-accessories","1728","1728","Yes","https://electro-z-smart.com/wp-content/uploads/2026/04/Screenshot-2026-04-21-074107.jpg","1","2652","https://electro-z-smart.com/product/s601em/","STANDALONE ACCESS CONTROLLER ( IN DOOR ) Metal case, anti -vandal Card, Code Keypad Metal This unit supports users Card, Code 2000 Card reading distance 2:5 cm Wiegand Interface 26 bit ID 125KHZ Cards"
"1839","EM7612 EM ( ID Card ) 125KHZ Proximity","SIB","smart-accessories","1614","1614","Yes","https://electro-z-smart.com/wp-content/uploads/2026/04/Screenshot-2026-04-21-074052.jpg","1","EZS-1839","https://electro-z-smart.com/product/em7612-em-id-card-125khz-proximity/","STANDALONE ACCESS CONTROLLER Card, Code Keypad Metal This unit supports users Card, Code 2000 Card reading distance 2:5 cm WG26/WG34 ID 125KHZ Cards EM Proximity Easy to install and program Operating "
"1838","ury -B6K","SIB","smart-accessories","3148","3148","Yes","https://electro-z-smart.com/wp-content/uploads/2026/04/Screenshot-2026-04-21-074041.jpg","1","1360","https://electro-z-smart.com/product/ury-b6k/","ACCESS CONTROLLER Metal The unit has many extra features including a backlit keypad These features make the unit an ideal choice for door access Indoor use This unit supports users , Card , PIN , Card"
"1837","VF1EM – W","SIB","smart-accessories","5500","5500","Yes","https://electro-z-smart.com/wp-content/uploads/2026/04/Screenshot-2026-04-21-074028.jpg","1","2676","https://electro-z-smart.com/product/vf1em-w/","TUYA & SMART LIFE APP Active Video intercom Two way Audio – Open Live Video Night Vision Capacity :1000 cards/codes,200 fingerprints EM Card 125Khz WG26 -58 input/output waterproof IP68 Environment Hu"
"1827","DT03EM","SIB","smart-switches","8154","8154","Yes","https://electro-z-smart.com/wp-content/uploads/2026/04/Screenshot-2026-04-21-074014.jpg","1","2222","https://electro-z-smart.com/product/dt03em/","Faceprint Time Attendance Clock Recorder Employee Digital Electronic access control works widely used in office, villa, bank and other places inch LCD screen, touch 5 night vision pure dynamic face re"
"1825","ACCESS/Dt02 Metal Dynamic Face","SIB","smart-switches","4950","4950","Yes","https://electro-z-smart.com/wp-content/uploads/2026/04/Screenshot-2026-04-21-074001.jpg","1","2221","https://electro-z-smart.com/product/access-dt02-metal-dynamic-face/","Faceprint Time Attendance Clock26 Recorder Employee Digital Electronic / access control works widely used in office, villa, bank and other places inch LCD screen, touch / night vision 5 pure dynamic f"
"1823","TF2LCD EM – W","SIB","smart-accessories","4400","4400","Yes","https://electro-z-smart.com/wp-content/uploads/2026/04/Screenshot-2026-04-21-073950.jpg","1","2198","https://electro-z-smart.com/product/tf2lcd-em-w/","Waterproof Fingerprint Access Control With LCD Screen & Voice broadcast TF2 -LCD EM – W EM Card 125Khz ID Proximity IP68 Capacity:1000 cards/codes,200 fingerprints WG26 -58 input/output Environment Hu"
"1821","K310EF – W","SIB","smart-accessories","1980","1980","Yes","https://electro-z-smart.com/wp-content/uploads/2026/04/Screenshot-2026-04-21-073934.jpg","1","2854","https://electro-z-smart.com/product/k310ef-w/","STANDALONE ACCESS CONTROLLER Keypad Card, Code TUYA and Smart Life Mobile APP WI FI 2.4 G Can admin to add users Card, or Password Through the Application WG26/WG34 You can know the movement history o"
"1819","K5EM EM ( ID Card ) 125KHZ Proximity","SIB","smart-accessories","2633","2633","Yes","https://electro-z-smart.com/wp-content/uploads/2026/04/Screenshot-2026-04-21-073917.jpg","1","2412","https://electro-z-smart.com/product/k5em-em-id-card-125khz-proximity/","STANDALONE ACCESS CONTROLLER Card, Code TUYA and Smart Life Mobile APP WI FI 2.4 G Keypad Matel Card reading distance 2:5 cm / WG26/WG34 Can admin to add users Card, or Password Through the Applicatio"
"1817","T1202EM – W EM ( ID Card ) 125KHZ Proximity","SIB","smart-accessories","1980","1980","Yes","https://electro-z-smart.com/wp-content/uploads/2026/04/Screenshot-2026-04-21-072609.jpg","1","2410","https://electro-z-smart.com/product/t1202em-w-em-id-card-125khz-proximity/","STANDALONE ACCESS CONTROLLER Card, Code TUYA and Smart Life Mobile APP WI FI 2.4 G Touch Keypad / Card reading distance 2:5 cm WG26/WG34 / Can admin to add users Card, or Password / Through the Applic"
"1815","T1201EM – W EM ( ID Card ) 125KHZ Proximity","SIB","smart-accessories","1980","1980","Yes","https://electro-z-smart.com/wp-content/uploads/2026/04/Screenshot-2026-04-21-072314.jpg","1","2409","https://electro-z-smart.com/product/t1201em-w-em-id-card-125khz-proximity/","STANDALONE ACCESS CONTROLLER Card, Code TUYA and Smart Life Mobile APP WI FI 2.4 G Touch Keypad / Card reading distance 2:5 cm WG26/WG34 / Can admin to add users Card, or Password / Through the Applic"
"1813","T8EM – W EM ( ID Card ) 125KHZ Proximity","SIB","smart-accessories","2750","2750","Yes","https://electro-z-smart.com/wp-content/uploads/2026/04/Screenshot-2026-04-21-071957.jpg","1","EZS-1813","https://electro-z-smart.com/product/t8em-w-em-id-card-125khz-proximity/","STANDALONE ACCESS CONTROLLER Card, Code TUYA and Smart Life Mobile APP WI FI 2.4 G Touch Keypad Metal Card reading distance 2:5 cm WG26/WG34 Can admin to add users Card, or Password / Through the Appl"
"1811","TF1EM -AS EM ( ID Card ) 125khz Proximity","SIB","smart-accessories","2750","2750","Yes","https://electro-z-smart.com/wp-content/uploads/2026/04/Screenshot-2026-04-21-064644.jpg","1","EZS-1811","https://electro-z-smart.com/product/tf1em-as-em-id-card-125khz-proximity/","STANDALONE ACCESS CONTROLLER Fingerprint, Card, Code TUYA and Smart Life Mobile APP WI FI 2.4 G / Touch Keypad Card reading distance 2:5 cm / WG26/WG34 Can admin to add users Fingerprint, Card, or Pas"
"1809","TF2MF – W MF ( IC Card ) 13.56MHz Mi fare","SIB","smart-accessories","5166","5166","Yes","https://electro-z-smart.com/wp-content/uploads/2026/04/Screenshot-2026-04-21-064221.jpg","1","2406","https://electro-z-smart.com/product/tf2mf-w-mf-ic-card-13-56mhz-mi-fare/","STANDALONE ACCESS CONTROLLER Fingerprint, Card, Code TUYA and Smart Life Mobile APP WI FI 2.4 G Touch Keypad Matel Card reading distance 2:5 cm / WG26/WG34 Can admin to add users Fingerprint, Card, or"
"1808","TF2EM -AS EM ( ID Card ) 125khz Proximity","SIB","smart-accessories","3630","3630","Yes","https://electro-z-smart.com/wp-content/uploads/2026/04/Screenshot-2026-04-21-064221.jpg","1","2404","https://electro-z-smart.com/product/tf2em-as-em-id-card-125khz-proximity/","STANDALONE ACCESS CONTROLLER Fingerprint, Card, Code TUYA and Smart Life Mobile APP WI FI 2.4 G Touch Keypad Matel Card reading distance 2:5 cm / WG26/WG34 Can admin to add users Fingerprint, Card, or"
"1806","TF3EM-W EM ( ID Card ) 125khz Proximity ACSESS","SIB","smart-accessories","4842","4842","Yes","https://electro-z-smart.com/wp-content/uploads/2026/04/Screenshot-2026-04-21-060652.jpg","1","2407","https://electro-z-smart.com/product/tf3em-w-em-id-card-125khz-proximity-acsess/","STANDALONE ACCESS CONTROLLER Fingerprint, Card, Code TUYA and Smart Life Mobile APP WI FI 2.4 G Touch Keypad Matel Card reading distance 2:5 cm / WG26/WG34 Can admin to add users Fingerprint, Card, or"
"1804","TF2LCD EM-W ( TUYA ) ACSESS","Tuya","smart-accessories","4950","4950","Yes","https://electro-z-smart.com/wp-content/uploads/2026/04/Screenshot-2026-04-21-060314.jpg","1","2199","https://electro-z-smart.com/product/tf2lcd-em-w-tuya-acsess/","Waterproof Fingerprint Access Control With LCD Screen & Voice broadcast TF2-LCD EM-W (WIFI) EM Card 125Khz ID Proximity IP68 Tuya Wifi Remote unlock & manage users by mobile phone App Check visitor re"
"1802","T12EM+MF-W ACSSES","SIB","smart-accessories","1178","1178","Yes","https://electro-z-smart.com/wp-content/uploads/2026/04/Screenshot-2026-04-21-055826.jpg","1","2639","https://electro-z-smart.com/product/t12emmf-w-acsses/","STANDALONE ACCESS CONTROLLER IP68 Card, code Touch Keypad / Card reading distance 2:5 cm WG26/WG34 This unit supports users Card, Code 2000 ID 125KHZ Cards EM Proximity / MF ( IC Card ) 13.56MHz Mifar"
"1800","Echo Dot Max (newest model) stereo pair, Graphite","Amazon","smart-accessories","9000","10000","Yes","https://electro-z-smart.com/wp-content/uploads/2026/04/51bPKJnJd3L._AC_SY741_.jpg","2","EZS-1800","https://electro-z-smart.com/product/echo-dot-max-newest-model-stereo-pair-graphite/","أتي حزمة Echo Dot Max (إصدار 2025/2026) لتعيد تعريف ما يمكن أن يفعله المساعد الذكي الصغير. بفضل التصميم الصوتي الجديد، يقدم هذا الجهاز صوتاً يملأ الغرفة “Room-filling sound” مع قدرة فريدة على ضبط التر"
"1797","Echo Show 8 (2nd Gen, 2021 release) | HD smart display","Amazon","smart-accessories","13500","15000","Yes","https://electro-z-smart.com/wp-content/uploads/2026/04/61YQvyziZ2L._AC_SY450_.jpg","2","EZS-1797","https://electro-z-smart.com/product/echo-show-8-2nd-gen-2021-release-hd-smart-display/","يأتي Echo Show 8 ليمنحك تجربة بصرية وسمعية متكاملة. سواء كنت ترغب في إجراء مكالمات فيديو احترافية، أو متابعة مسلسلك المفضل، أو إدارة أجهزة منزلك الذكي، فإن هذا الجهاز يوفر لك السرعة والوضوح في تصميم أ"
"1794","Amazon Echo Show 11 (2025 release) with Amazon Adjustable Stand | Graphite","Amazon","smart-accessories","26100","29000","Yes","https://electro-z-smart.com/wp-content/uploads/2026/04/61Icjy18-NL._AC_SY741_.jpg","3","EZS-1794","https://electro-z-smart.com/product/amazon-echo-show-11-2025-release-with-amazon-adjustable-stand-graphite/","يجمع جهاز Echo Show 11 الجديد بين الأداء الفائق والتصميم العصري، حيث تم تزويده بشاشة أكبر وأكثر وضوحاً لتقديم تجربة بصرية وصوتية غامرة. مع شريحة AZ3 Pro ، أصبح الجهاز أسرع في معالجة الأوامر المحلية، م"
"1789","Amazon Echo Hub, 8” smart home control panel","Amazon","smart-controllers","7000","7000","Yes","https://electro-z-smart.com/wp-content/uploads/2026/04/download.jpg","5","EZS-1789","https://electro-z-smart.com/product/amazon-echo-hub-8-smart-home-control-panel/","يُعد Echo Hub نقلة نوعية في أجهزة أمازون، حيث ينتقل من مجرد مساعد صوتي إلى لوحة تحكم بصرية كاملة تُثبت على الحائط. تم تصميمه لتبسيط تجربة المنزل الذكي المعقدة، وجمع كافة أدوات التحكم في واجهة واحدة من"
"1779","SONOFF SwitchMan Zigbee Smart Wall Switch | ZB M5 US 2C","Sonoff","smart-switches","1800","2000","Yes","https://electro-z-smart.com/wp-content/uploads/2026/04/c3lKzFY3bKVuo05ZTmgUqDSj4bcNiuaoGZ0ieLI8.jpg","1","EZS-1779","https://electro-z-smart.com/product/sonoff-switchman-zigbee-smart-wall-switch-zb-m5-us-2c/","Support Both No Neutral & With Neutral Wire】The ZBM5 is designed to adapt to your home’s wiring configuration. Whether or not a neutral wire is available, it can be easily connected and used. 【Compati"
"1777","TX Gen2 Smart Touch Wall Switch | T6 3C 120 Type","Smart Home","smart-switches","1800","2000","Yes","https://electro-z-smart.com/wp-content/uploads/2026/04/WjqZCHsHiJ2CGFOpbXb21InU0DqAmc8FZ55JBjqj.jpg","2","EZS-1777","https://electro-z-smart.com/product/tx-gen2-smart-touch-wall-switch-t6-3c-120-type/","【Matter Compatibility】Effortlessly integrate with major smart home platforms and synchronize with your existing Matter-enabled devices for a unified, connected experience. 【Apple Ecosystem Compatible】"
"1774","TX Gen2 Smart Touch Wall Switch | T6 2C 120 Type","Smart Home","smart-switches","1710","1900","Yes","https://electro-z-smart.com/wp-content/uploads/2026/04/gQolCfy2ORaY5Cbfu2BKD0zqwhmUzN3t99ZCX6IU.png","2","EZS-1774","https://electro-z-smart.com/product/tx-gen2-smart-touch-wall-switch-t6-2c-120-type/","Matter Compatibility】Effortlessly integrate with major smart home platforms and synchronize with your existing Matter-enabled devices for a unified, connected experience. 【Apple Ecosystem Compatible】W"
"1771","TX Gen2 Smart Touch Wall Switch | T6 1C 120 Type","Smart Home","smart-switches","1530","1700","Yes","https://electro-z-smart.com/wp-content/uploads/2026/04/6LWhHgwWcPmI096rz71Tohq0ubXFPA7Wrn6RszIu.jpg","3","EZS-1771","https://electro-z-smart.com/product/tx-gen2-smart-touch-wall-switch-t6-1c-120-type/","Matter Compatibility】Effortlessly integrate with major smart home platforms and synchronize with your existing Matter-enabled devices for a unified, connected experience. 【Apple Ecosystem Compatible】W"
"1763","SONOFF ZBMINI Extreme Zigbee Smart Switch (Neutral Wire Required) | ZBMINIR2","Sonoff","smart-switches","967","1075","No","https://electro-z-smart.com/wp-content/uploads/2026/04/Y4SkQLdSipCCpjAupxpD0Rp7N6Rbh682ERkOEggd.webp","1","EZS-1763","https://electro-z-smart.com/product/sonoff-zbmini-extreme-zigbee-smart-switch-neutral-wire-required-zbminir2/","【Compact Size】The tiny size can easily fit in EU-type/86 type/120 type mounting box. 【External Switch Control】ZBMINIR2 can easily connect to the momentary switch, door switch, SPDT switch, and rocker "
"1761","Indoor Smart Security Camera | CAM-PT2","Sonoff","security-cameras","1665","1850","Yes","https://electro-z-smart.com/wp-content/uploads/2026/04/1771419749162.webp","2","00","https://electro-z-smart.com/product/indoor-smart-security-camera-cam-pt2/","Indoor Smart Security Camera | CAM-PT2 • دقة 1080P Full HD لعرض فيديو واضح وتفاصيل دقيقة. • خاصية الحركة الأفقية والرأسية 360° لتغطية كاملة بدون نقاط عمياء. • رؤية ليلية ذكية مزودة بمصابيح أشعة تحت حم"
"1758","Outdoor Smart Security Camera | CAM-B1P","Sonoff","security-cameras","1775","1950","Yes","https://electro-z-smart.com/wp-content/uploads/2026/04/1770823316569.webp","3","0000000","https://electro-z-smart.com/product/outdoor-smart-security-camera-cam-b1p/","• تصميم مقاوم للعوامل الجوية بمعيار IP65 يضمن أداءً ثابتًا في المطر والغبار والبيئات الخارجية القاسية. • تحكم أفقي بزاوية 180° لتوسيع نطاق الرؤية وتقليل النقاط العمياء. • دقة 2K عالية الوضوح لعرض تفاص"
"1757","SONOFF iPlug Zigbee Smart Plug | S60 Series","Sonoff","smart-plugs","1215","1350","No","https://electro-z-smart.com/wp-content/uploads/2026/04/SVLZooavR2d0TmKO3bSBCbjdGUrBSWTU4dRARdP8.png","2","EZS-1757","https://electro-z-smart.com/product/sonoff-iplug-zigbee-smart-plug-s60-series/","【Energy Monitoring】Monitor real-time and historical energy consumption directly through the eWelink App. Gain insights into your power usage, enhance device efficiency, and reduce electricity costs ef"
"1694","2847 DNAKE H5-FV","DNAKE","smart-locks","26350","31000","Yes","https://electro-z-smart.com/wp-content/uploads/2026/07/h5.webp","1","2847","https://electro-z-smart.com/product/2847-dnake-h5-fv/","كالون سمارت متطور بيقدم أعلى مستوى أمان مع أحدث تقنيات الذكاء، علشان تتحكم في بابك بسهولة ومن أي مكان 📱 📱 متصل بالموبايل + كاميرا فيديو ✔️ مشاهدة مباشرة ✔️ تصوير صور وفيديو ✔️ متابعة كل اللي بيحصل ع"
"1692","2848 DNAKE H4-FV","DNAKE","smart-locks","26820","29800","Yes","https://electro-z-smart.com/wp-content/uploads/2026/07/h4.jpg","1","2848","https://electro-z-smart.com/product/2848-dnake-h4-fv/","كالون سمارت بأحدث تقنيات الأمان والذكاء الاصطناعي، بيوفرلك تحكم كامل في بابك من أي مكان 📱 📱 متصل بالموبايل + كاميرا فيديو مدمجة ✔️ مشاهدة مباشرة ✔️ تصوير صور وفيديو ✔️ متابعة كل اللي بيحصل عند الباب"
"1690","2846 DNAKE H7-FV","DNAKE","smart-locks","24210","26900","Yes","https://electro-z-smart.com/wp-content/uploads/2026/07/h7.webp","1","2846","https://electro-z-smart.com/product/2846-dnake-h7-fv/","كالون سمارت متطور بيجمع بين أعلى تقنيات الأمان والراحة، علشان تتحكم في بابك بكل سهولة ومن أي مكان 📱 📱 متصل بالموبايل مع كاميرا فيديو مدمجة ✔️ مشاهدة مباشرة ✔️ التقاط صور وفيديو ✔️ متابعة كل اللي بيح"
"1688","2849 DNAKE S5-FV","DNAKE","smart-locks","23040","25600","Yes","https://electro-z-smart.com/wp-content/uploads/2026/07/s5.webp","1","2849","https://electro-z-smart.com/product/2849-dnake-s5-fv/","كالون سمارت متطور بأحدث تقنيات الأمان والذكاء الاصطناعي، بيقدملك تجربة مختلفة تمامًا في حماية بيتك أو شركتك 🔐 📱 تحكم كامل عن طريق الموبايل مع كاميرا فيديو مدمجة ✔️ مشاهدة مباشرة ✔️ تسجيل صور وفيديو "
"1670","R17 Ai Face Version – 2816 – Levana","Levana","smart-locks","31605","37183","Yes","https://electro-z-smart.com/wp-content/uploads/2026/04/1775645473071-scaled.webp","5","2816","https://electro-z-smart.com/product/r17-ai-face-version-2816-levana/","حدث أمان بيتك و مكتبك مع الكالون الذكي المدعوم بالذكاء الاصطناعي (R17 Ai Face Version – 2816- Levana) التوافق والتركيب متوافق مع الأبواب الخشبية، و المصفحة اتجاه فتح مرن (يمين / يسار) سمك الباب: (4,5 "
"1669","2850 Face versionM6Ai levana","Levana","smart-locks","21624","25441","Yes","https://electro-z-smart.com/wp-content/uploads/2026/08/2850-scaled.webp","1","2850","https://electro-z-smart.com/product/2850-face-versionm6ai-levana/","Mobile app – Video camera Palm vein unlock – 3D face recognition AI Audio instructions Arabic Fingerprint – Password – Card – Temporary Password Key – Log record together Built-in Doorbell – Capture –"
"1667","R9 Ai Face version-2775-Levana","Levana","smart-locks","22872","26909","Yes","https://electro-z-smart.com/wp-content/uploads/2026/06/91.webp","5","2833","https://electro-z-smart.com/product/r9-ai-face-version-2775-levana/","حدث أمان بيتك و مكتبك مع الكالون الذكي المدعوم بالذكاء الاصطناعي (R9 Ai Face version-2775-Levana) سهولة التركيب: متوافق مع الأبواب الخشبية، و المصفحة. يدعم الفتح في الاتجاهين يمين ويسار سمك الباب: 4,5"
"1665","I7Ai Face version 2815 levana","Levana","smart-locks","20793","24463","Yes","https://electro-z-smart.com/wp-content/uploads/2026/08/2815-scaled.webp","1","2815","https://electro-z-smart.com/product/i7ai-face-version-2815-levana/","Mobile app – Video camera Palm vein unlock – 3D face recognition AI Audio instructions Arabic Fingerprint – Password – Card – Temporary Password Key – Log record Built-in Doorbell – Capture – photos/v"
"1663","I12Ai Face Version-2778-Levana","Levana","smart-locks","20793","24463","Yes","https://electro-z-smart.com/wp-content/uploads/2026/06/122.webp","2","2778","https://electro-z-smart.com/product/i12ai-face-version-2778-levana/","حدث أمان بيتك و مكتبك مع الكالون الذكي المدعوم بالذكاء الاصطناعي (I12 Ai Face Version) سهولة التركيب: متوافق مع الأبواب الخشبية، و المصفحة. يدعم الفتح في الاتجاهين يمين ويسار. سمك الباب: 4,5 – 12 cm. "
"1661","I19Ai Face version-2817-Levana","Levana","smart-locks","19961","23484","Yes","https://electro-z-smart.com/wp-content/uploads/2026/04/1764704956782-scaled.webp","4","2817","https://electro-z-smart.com/product/i19ai-face-version-2817-levana/","حدث أمان بيتك و مكتبك مع الكالون الذكي المدعوم بالذكاء الاصطناعي (I19 Ai Face Version -2817-Levana ) سهولة التركيب: متوافق مع الأبواب الخشبية، و المصفحة يدعم الفتح في الاتجاهين يمين ويسار سمك الباب: 4"
"1660","R03Ai Cat eye-2776-Levana","Levana","smart-locks","14056","16537","Yes","https://electro-z-smart.com/wp-content/uploads/2026/04/1764704812797-scaled.webp","6","2776","https://electro-z-smart.com/product/r03ai-cat-eye-2776-levana/","حدث أمان بيتك و مكتبك مع الكالون الذكي المدعوم بالذكاء الاصطناعي (R03Ai Cat eye-2776-Levana) : سهولة التركيب متوافق مع الأبواب الخشبية، و المصفحة. يدعم الفتح في الاتجاهين اليمين واليسار. : سمك الباب 4"
"1658","I19 Ai Cat Eye -2774-Levana","Levana","smart-locks","14795","17407","Yes","https://electro-z-smart.com/wp-content/uploads/2026/04/1764704956782-scaled.webp","1","2774","https://electro-z-smart.com/product/i19-ai-cat-eye-2774-levana/","حدث أمان بيتك و مكتبك مع الكالون الذكي المدعوم بالذكاء الاصطناعي (I19 Ai Cat Eye -2774-Levana ) سهولة التركيب: متوافق مع الأبواب الخشبية، و المصفحة. يدعم الفتح في الاتجاهين يمين ويسار. سمك الباب: 4,5 "
"1657","I11Ai cat eye-2823-levana","Levana","smart-locks","14795","17407","No","https://electro-z-smart.com/wp-content/uploads/2026/04/1764607017835-scaled.webp","1","2823","https://electro-z-smart.com/product/i11ai-cat-eye-2823-levana/","حدث أمان بيتك و مكتبك مع الكالون الذكي المدعوم بالذكاء الاصطناعي (I11Ai cat eye) سهولة التركيب: متوافق مع الأبواب الخشبية، و المصفحة. يدعم الفتح في الاتجاهين يمين ويسار. سمك الباب: 4,5 – 12 cm تقنيات "
"1656","R02Ai Cat Eye -2785-Levana","Levana","smart-locks","13723","16145","Yes","https://electro-z-smart.com/wp-content/uploads/2026/04/1764705246568-1-scaled.webp","1","2785","https://electro-z-smart.com/product/r02ai-cat-eye-2785-levana/","حدث أمان بيتك و مكتبك مع الكالون الذكي المدعوم بالذكاء الاصطناعي (R02Ai Cat Eye -2785) سهولة التركيب: متوافق مع الأبواب الخشبية، و المصفحة يدعم الفتح في الاتجاهين يمين ويسار سمك الباب: 4,5 – 12 cm تقن"
"1654","R05Ai Cat eye-2784-Levana","Levana","smart-locks","13723","16145","Yes","https://electro-z-smart.com/wp-content/uploads/2026/04/1764704719377-1-scaled.webp","1","2784","https://electro-z-smart.com/product/r05ai-cat-eye-2784-levana/","حدث أمان بيتك و مكتبك مع الكالون الذكي المدعوم بالذكاء الاصطناعي (R05Ai Cat eye-2784-Levana) سهولة التركيب: متوافق مع الأبواب الخشبية، المصفحة. يدعم الفتح في الاتجاهين يمين ويسار. سمك الباب: 4,5 – 12 "
"1652","Levana I16Ai Cat eye 2824","Levana","smart-locks","14445","16995","No","https://electro-z-smart.com/wp-content/uploads/2026/04/1767199024711-scaled.webp","1","2824","https://electro-z-smart.com/product/levana-i16ai-cat-eye-2824/","حدث أمان بيتك و مكتبك مع الكالون الذكي المدعوم بالذكاء الاصطناعي (I16 Ai Cat Eye -2824-Levana) سهولة التركيب: متوافق مع الأبواب الخشبية، و المصفحة يدعم الفتح في الاتجاهين يمين ويسار سمك الباب: 4,5 – 1"
"1651","2819 Ai I19 _levana","Levana","smart-locks","10812","12721","Yes","https://electro-z-smart.com/wp-content/uploads/2026/06/19.webp","1","2819","https://electro-z-smart.com/product/2819-ai-i19-_levana/","كود المنتج: 2819 المواصفات العامة والتصميم 🚪 التوافق: يركب على الأبواب الخشبية والفولاذية. 🛡️ خامة التصنيع: مصنوع من سبائك الألومنيوم المتينة. 🌐 اللغات المدعومة: العربية، الإنجليزية، والصينية. طرق "
"1649","I7 Ai -2779-Levana","Levana","smart-locks","9980","11742","Yes","https://electro-z-smart.com/wp-content/uploads/2026/04/1767632795681-scaled.webp","1","2779","https://electro-z-smart.com/product/i7-ai-2779-levana/","حدث أمان بيتك و مكتبك مع الكالون الذكي المدعوم بالذكاء الاصطناعي (I7 Ai -2779-Levana) سهولة التركيب: متوافق مع الأبواب الخشبية، و المصفحة يدعم الفتح في الاتجاهين يمين ويسار سمك الباب: 4,5 – 12 cm طرق "
"1648","K1i-2782-Levana","Levana","smart-locks","8067","9491","Yes","https://electro-z-smart.com/wp-content/uploads/2026/04/1767633443457-scaled.webp","1","2782","https://electro-z-smart.com/product/k1i-2782-levana/","حدث امان بيتك ومكتبك مع الكالون الذكي K1 i-2782-Levana سهولة التركيب: متوافق مع الأبواب الخشبية، و المصفحة يدعم الفتح في الاتجاهين يمين ويسار سمك الباب: 4,5 – 12 cm تقنيات الفتح: بصمة اصبع الرقم السري"
"1647","K80 i-2786-Levana","Levana","smart-locks","7735","9100","Yes","https://electro-z-smart.com/wp-content/uploads/2026/04/1767632898703-scaled.webp","1","2786","https://electro-z-smart.com/product/k80-i-2786-levana/","حدث أمان بيتك و مكتبك مع الكالون الذكي “K80 i-2786-Levana” سهولة التركيب: متوافق مع الأبواب الخشبية، و المصفحة يدعم الفتح في الاتجاهين يمين ويسار سمك الباب: 4,5 – 12 cm طرق الفتح: بصمة اصبع الرقم السر"
"1646","Smart lock levana 2787 D01i","Levana","smart-locks","7069","8317","Yes","https://electro-z-smart.com/wp-content/uploads/2026/04/1764704342569-scaled.webp","1","2787","https://electro-z-smart.com/product/smart-lock-levana-2787-d01i/","حدث امان مكتبك (الابواب الداخلية) مع الكالون الذكي D01i-2787-Levana سهولة التركيب: متوافق مع الأبواب الخشبية، و المصفحة يدعم الفتح في الاتجاهين يمين ويسار سمك الباب: 4,5 – 12 cm تقنيات الفتح: بصمة الا"
"1645","D02i Cat eye Version-2783-Levana","Levana","smart-locks","9528","11210","Yes","https://electro-z-smart.com/wp-content/uploads/2026/04/1765119139609.jpg","1","2783","https://electro-z-smart.com/product/d02i-cat-eye-version-2783-levana/","الكالون الذكي المدعوم بالذكاء الاصطناعي (D02i Cat eye Version-2783-Levana) سهولة التركيب: متوافق مع الأبواب الخشبية، و المصفحة يدعم الفتح في الاتجاهين يمين ويسار سمك الباب: 4,5 – 12 cm تقنيات الفتح: ب"
"1630","EL600VF 3D Face Cat eye-2809-BOSCH","Bosch","smart-locks","37261","43837","Yes","https://electro-z-smart.com/wp-content/uploads/2026/04/1763914213862-scaled.webp","1","2809","https://electro-z-smart.com/product/el600vf-3d-face-cat-eye-2809-bosch/","​🔐 خيارات الأمان والفتح: ​👤 بصمة الوجه: نظام التعرف البصري ثلاثي الأبعاد لفتح القفل فوراً. ​☝️ بصمة الإصبع: حساس ذكي وسريع الاستجابة. ​🔢 كلمة المرور: لوحة لمس لكتابة الكود مع ميزة الأكواد المؤقتة. "
"1629","EL400VF 3D Face Cat eye-2805- Bocsh","Bosch","smart-locks","33102","38944","Yes","https://electro-z-smart.com/wp-content/uploads/2026/04/1766670567180-scaled.webp","1","2805","https://electro-z-smart.com/product/el400vf-3d-face-cat-eye-2805-bocsh/","​🔐 أنظمة الوصول المتعددة: ​👤 بصمة الوجه: نظام ذكي للتعرف على الوجه لفتح سريع وآمن. ​☝️ بصمة الإصبع: حساس دقيق يضمن لك الدخول بلمسة واحدة. ​🔢 لوحة الأرقام: إمكانية عمل أكواد سرية (دائمة أو مؤقتة للض"
"1628","FU6 Plus 3D Face Cat eye-2808-BOSCH","Bosch","smart-locks","31522","37085","Yes","https://electro-z-smart.com/wp-content/uploads/2026/04/1763914404527-scaled.webp","1","2808","https://electro-z-smart.com/product/fu6-plus-3d-face-cat-eye-2808-bosch/","​🔐 أنظمة الوصول الذكي: ​👤 بصمة الوجه: تعرف ذكي وفوري لفتح القفل بدون ملامسة. ​☝️ بصمة الإصبع: حساس فائق السرعة للأمان الشخصي. ​🔢 كلمة المرور: إمكانية عمل “باسورد” مؤقت للضيوف عبر التطبيق. ​💳 الكار"
"1627","FU8 3D Face Cat eye Palm vein-2806- BOSCH","Bosch","smart-locks","28639","33693","Yes","https://electro-z-smart.com/wp-content/uploads/2026/04/1763914581326-scaled.webp","1","2806","https://electro-z-smart.com/product/fu8-3d-face-cat-eye-palm-vein-2806-bosch/","قفل Bosch الذكي (Code 2806) 🔒 الحل الأقوى والأشيك لأمان بيتك! قفل ذكي متكامل يجمع بين الفخامة والتكنولوجيا الألمانية ​🔐 طرق الوصول الذكي: ​👤 بصمة الوجه: فتح الباب بمجرد الوقوف أمامه. ​☝️ بصمة الإصب"
"1626","FU30 PLUS 3D Face Cat Eye -2807-BOSCH","Bosch","smart-locks","27806","32714","Yes","https://electro-z-smart.com/wp-content/uploads/2026/04/1763914581326-scaled.webp","1","2807","https://electro-z-smart.com/product/fu30-plus-3d-face-cat-eye-2807-bosch/","كالون سمارت متطور بيجمع بين الأمان العالي والتكنولوجيا الحديثة علشان يديك تحكم كامل في بابك من أي مكان 📱 بيركب على الأبواب الخشبية والمصفحة، وبيفتح في الاتجاهين (يمين / شمال) بسهولة 👌 📱 بيشتغل عن ط"
"1620","ID30 Fingerprint lock – 2841 -Smart lock Bosch","Bosch","smart-locks","11810","13895","Yes","https://electro-z-smart.com/wp-content/uploads/2026/04/1775146330125-scaled.webp","1","2841","https://electro-z-smart.com/product/id30-fingerprint-lock-2841-smart-lock-bosch/","كالون سمارت عملي ومتين بيوفرلك أمان عالي وتحكم كامل في بابك من الموبايل 📱 بيفتح في الاتجاهين (يمين / شمال) وبيشتغل من خلال تطبيق Tuya / Smart Life على شبكة WiFi 2.4GHz، وده بيسمحلك تفتح وتقفل الباب م"
"1618","ID60C-2804- Smart lock Bocsh","Bosch","smart-locks","11810","13895","Yes","https://electro-z-smart.com/wp-content/uploads/2026/04/1763914894725-scaled.webp","1","2804","https://electro-z-smart.com/product/id60c-2804-smart-lock-bocsh/","🚪🔥 كالون سمارت – أمان وتحكم كامل 🔥 📱 يعمل عن طريق الموبايل أبلكيشن (Tuya / Smart Life) WiFi 2.4GHz 🔋 يعمل على 4 بطاريات AA (1.5V) ✔️ إنذار عند انخفاض البطارية 🔓 طرق الفتح: ✔️ بصمة الإصبع ✔️ الرق"
"1607","SMART LOCK 2394 K1","Smart Home","smart-locks","7352","8650","Yes","https://electro-z-smart.com/wp-content/uploads/2026/04/ChatGPT-Image-16-أبريل-2026،-05_44_29-م.png","1","2394","https://electro-z-smart.com/product/smart-lock-2394-k1/","🚪🔥 كالون سمارت – أمان ذكي وسهولة في الاستخدام 🔥 لو عايز تحكم كامل في بابك بأكتر من طريقة وبأمان عالي… الكالون ده هو الحل 👇 🔓 طرق الفتح المتعددة: ✔️ بصمة الإصبع (Fingerprint) ✔️ الرقم السري (Passw"
"1605","SMART LOCK LEZN 2393 K80 black","Lezn","smart-locks","7012","8250","Yes","https://electro-z-smart.com/wp-content/uploads/2026/08/k80-rr.webp","1","2393","https://electro-z-smart.com/product/smart-lock-lezn-2393-k80-black/","🚪🔥 كالون سمارت – أمان عملي وسهل الاستخدام 🔥 حل مثالي للأمان بدون تعقيد وبأداء قوي 💪 🔓 طرق الفتح: ✔️ بصمة الإصبع ✔️ الرقم السري ✔️ كارت (Card) ✔️ مفتاح طوارئ 📱 تحكم بالموبايل: عن طريق TUYA APP ✔️"
"1603","SMART LOCK LEZN 2395 D01","Lezn","smart-locks","6653","7828","Yes","https://electro-z-smart.com/wp-content/uploads/2026/08/d01.webp","2","2395","https://electro-z-smart.com/product/smart-lock-lezn-2395-d01/","🚪🔥 كالون سمارت – أمان عملي وسهل الاستخدام 🔥 حل مثالي للأمان بدون تعقيد وبأداء قوي 💪 🔓 طرق الفتح: ✔️ بصمة الإصبع ✔️ الرقم السري ✔️ كارت (Card) ✔️ مفتاح طوارئ 📱 تحكم بالموبايل: عن طريق TUYA APP ✔️"
"1597","SMART LOCK PANDA 2628 R10 Face version","Panda","smart-locks","13200","16500","Yes","https://electro-z-smart.com/wp-content/uploads/2026/04/Gemini_Generated_Image_75pu2875pu2875pu.png","1","2628","https://electro-z-smart.com/product/smart-lock-panda-2628-r10-face-version/","*]:pointer-events-auto scroll-mt-[calc(var(--header-height)+min(200px,max(70px,20svh)))]"" dir=""auto"" data-turn-id=""request-WEB:e90f3bc7-e370-4dbb-af3f-6249450dfaf9-10"" data-testid=""conversation-turn-1"
"1595","SMART LOCK PANDA Face version I18 2579","Panda","smart-locks","12000","15000","Yes","https://electro-z-smart.com/wp-content/uploads/2026/04/ChatGPT-Image-16-أبريل-2026،-12_16_28-ص.png","1","2579","https://electro-z-smart.com/product/smart-lock-panda-face-version-i18-2579/","🚪🔥 كالون سمارت – قمة الأمان والتحكم الذكي 🔥 دلوقتي تقدر تتحكم في بابك بكل سهولة ومن أي مكان 📱 أمان أعلى + راحة أكتر + تكنولوجيا حديثة في جهاز واحد 🔓 طرق فتح متعددة تناسب كل احتياجاتك: ✔️ بصمة الإ"
"1594","SMART LOCK PANDA 2625 i18 cat eye","Panda","smart-locks","9500","12800","Yes","https://electro-z-smart.com/wp-content/uploads/2026/04/ChatGPT-Image-16-أبريل-2026،-12_16_28-ص.png","1","2625","https://electro-z-smart.com/product/smart-lock-panda-2625-i18-cat-eye/","🚪🔥 كالون سمارت – أمان ذكي بتكنولوجيا متطورة لو بتدور على أعلى مستوى أمان + راحة + تحكم كامل… الحل هنا 👇 الكالون الذكي بيقدملك تجربة مختلفة تمامًا، تفتح وتقفل بابك بأكتر من طريقة وبمنتهى السهولة، وك"
"1591","SMART LOCK PANDA i17 cat eye","Panda","smart-locks","9000","12300","Yes","https://electro-z-smart.com/wp-content/uploads/2026/04/ChatGPT-Image-15-أبريل-2026،-11_56_05-م.png","1","2626","https://electro-z-smart.com/product/smart-lock-panda-i17-cat-eye/","دلوقتي الأمان والراحة في إيدك… تحكم كامل في بابك من أي مكان 📱 ✅ بيفتح في الاتجاهين (يمين / شمال) ✅ تحكم كامل عن طريق الموبايل (Tuya / Smart Life / MOES) WiFi 2.4GHz ✅ طرق فتح متعددة: 🔹 بصمة الإصبع �"
"1575","SONOFF SPM-Main Smart Stackable Power Meter","Sonoff","smart-switches","2880","3200","Yes","https://electro-z-smart.com/wp-content/uploads/2026/02/oey4ZuLky9li3qSKatwJeJ2O7rDQ02ABWnSi2HkI.jpg","1","EZS-1575","https://electro-z-smart.com/product/sonoff-spm-main-smart-stackable-power-meter-2/","Connect up to 32 SPM-4Relays】One SPM-Main can be connected 32 SPM-4Relays. Each SPM-4Relay has 4 isolated channels to help you manage devices more conveniently. 【Power metering】You can monitor the pow"
"1573","4CH R3_ SONOFF","Sonoff","smart-switches","1611","1790","Yes","https://electro-z-smart.com/wp-content/uploads/2026/02/lrmHh3AUrsAN4ONIcwsMc34tkbyZbxZckhoiX5DD.jpeg","4","EZS-1573","https://electro-z-smart.com/product/4ch-r3_-sonoff/","SONOFF 4CHR3 is 4-gang Wifi Smart Switche designed to give you the ability to integrate smart control into your existing home to enable a smart home. Each smart switch has 4 gangs that can be used to "
"1568","SONOFF S-MATE 2 Extreme Switch Mate","Sonoff","smart-switches","382","425","No","https://electro-z-smart.com/wp-content/uploads/2026/02/87msfcYqdIjNFDVKRs34ribOUOieojet5JqzlJDC.webp","2","EZS-1568","https://electro-z-smart.com/product/sonoff-s-mate-2-extreme-switch-mate/","Compact and Compatible】S-Mate2’s compact size fits in various mounting boxes, including the EU/86 type and 120 type mounting box and fits almost any switch type, like push switch, rocker switch, etc 【"
"1565","SONOFF ZBMINI Extreme Zigbee Smart Switch ZBMINIL2 ( Bundle 2 Pack)","Sonoff","smart-switches","1620","1800","No","https://electro-z-smart.com/wp-content/uploads/2026/02/sXmD3mDWSu7ArAGdYtlfS34jlOm8sT7VIyeOAhYT.webp","1","EZS-1565","https://electro-z-smart.com/product/sonoff-zbmini-extreme-zigbee-smart-switch-zbminil2-bundle-2-pack/","Super Tiny Size】The tiniest Zigbee smart switch can be easily fit in the smallest EU-type/86 type/120 type mounting box. 【Support External Switch】 Work with different type of external switches to cont"
"1563","SONOFF ZBMINI Extreme Zigbee Smart Switch ZBMINIL2","Sonoff","smart-switches","855","950","No","https://electro-z-smart.com/wp-content/uploads/2026/02/2pKCfykAW5mjYcBtWBlhm0qDQpV5uZBDugWR98UM.png","1","EZS-1563","https://electro-z-smart.com/product/sonoff-zbmini-extreme-zigbee-smart-switch-zbminil2/","Super Tiny Size】The tiniest Zigbee smart switch can be easily fit in the smallest EU-type/86 type/120 type mounting box. 【Support External Switch】 Work with different type of external switches to cont"
"1561","SONOFF Zigbee Smart Roller Shutter Switch | MINI-ZBRBS ( 4 Pack)","Sonoff","smart-switches","3600","4000","Yes","https://electro-z-smart.com/wp-content/uploads/2026/02/UJSKFm6bW9h5dKcLYcoDukujuwqPBcff3bINJhxZ.webp","2","EZS-1561","https://electro-z-smart.com/product/sonoff-zigbee-smart-roller-shutter-switch-mini-zbrbs-4-pack/","Mini Size】This product is compact and perfectly compatible with various small-sized wall-mounted junction boxes, including the European standard 60/80 junction box. 【Precise Percentage Adjustment】Adju"
"1558","SONOFF Zigbee Smart Roller Shutter Switch | MINI-ZBRBS ( 1Pack)","Sonoff","smart-switches","945","1050","Yes","https://electro-z-smart.com/wp-content/uploads/2026/02/iDh0GS76KuhpVYs4So2dFR4eKclYz2HlmxmJ289z.png","3","EZS-1558","https://electro-z-smart.com/product/sonoff-zigbee-smart-roller-shutter-switch-mini-zbrbs-1pack/","Mini Size】This product is compact and perfectly compatible with various small-sized wall-mounted junction boxes, including the European standard 60/80 junction box. 【Precise Percentage Adjustment】Adju"
"1554","SONOFF Smart Roller Shutter Switch | MINI-RBS ( 4 Pack )","Sonoff","smart-switches","3240","3600","No","https://electro-z-smart.com/wp-content/uploads/2026/02/yODbZb1XCyMOQ6w2LgKX4QH4dnR1yH10oyk8BzKk.webp","6","EZS-1554","https://electro-z-smart.com/product/sonoff-smart-roller-shutter-switch-mini-rbs-4-pack/","Precise Percentage Adjustment】Control indoor lighting according to your needs, enhancing comfort while adapting flexibly to different scenarios. 【Mini Size】This product is compact and perfectly compat"
"1550","SONOFF Smart Roller Shutter Switch | MINI-RBS ( 1 Pack )","Sonoff","smart-switches","900","1000","No","https://electro-z-smart.com/wp-content/uploads/2026/02/GgqMrxkXGEdY2b70p686NF4UNDzjG0geK63LFcwj.webp","5","EZS-1550","https://electro-z-smart.com/product/sonoff-smart-roller-shutter-switch-mini-rbs-1-pack/","Precise Percentage Adjustment】Control indoor lighting according to your needs, enhancing comfort while adapting flexibly to different scenarios. 【Mini Size】This product is compact and perfectly compat"
"1544","SONOFF Basic Gen5 Matter Over WiFi Smart Switch | BASIC-1GS","Sonoff","smart-switches","540","600","Yes","https://electro-z-smart.com/wp-content/uploads/2026/02/LNsBH9MC2iM4mpHoscJJzB01u4vlW6jEHD1paxzV.webp","4","EZS-1544","https://electro-z-smart.com/product/sonoff-basic-gen5-matter-over-wifi-smart-switch-basic-1gs/","【Matter Protocol】Basic Gen5 is a Matter-certified device, it can be integrated into Matter-enabled platforms, such as Alexa, Apple Home, Google Home, Home Assistant, etc. Allowing you to work with oth"
"1538","Ceiling Loudspeakers (BTF401)","Surpass","smart-accessories","5600","5600","Yes","https://electro-z-smart.com/wp-content/uploads/2026/02/IMG-20260209-WA0025.jpg","1","EZS-1538","https://electro-z-smart.com/product/ceiling-loudspeakers-btf401/","6.5” Frameless Coxial Ceiling Speaker with Magnetic Grill (One Master) ▪ Rated Power: 40W ▪ Peak Power: 80W ▪ Frequency Response: 50Hz-22KHz ▪ Impedance: 8Ω ▪ Sensitivity: 90dB±3dB ▪ Speaker Unit: Int"
"1536","Waterproof Column Speakers (SP-LV34)","Surpass","smart-accessories","5600","5600","Yes","https://electro-z-smart.com/wp-content/uploads/2026/02/TeaeozD3hH2queIKVUGBjWGKLeIrFdmVwsdJSVBD-1.png","1","EZS-1536","https://electro-z-smart.com/product/waterproof-column-speakers-sp-lv34/","IP55 Waterproof Indoor and Outdoor Commercial Audio Column Speakers Aluminium PA System Lightweight and Durable Rated Power(100v):80wInput:8 2 Speaker Unit: 3&#8243;x4Sensitivity(1W/1M):88dB+3dBFreque"
"1533","Mixer Amplifier (SP-MB650U)","Surpass","smart-accessories","23520","23520","No","https://electro-z-smart.com/wp-content/uploads/2026/02/NpxkrgWzW2rESWXN71xQP9W3URBh78lkLescP8jY-1.jpg","1","EZS-1533","https://electro-z-smart.com/product/mixer-amplifier-sp-mb650u/","650W Mixer Amplifier BT/USB/SD/Mp3/FM/AUX/MIC Input Type: Bluetooth, Mp3, USB/SD, FM, Line, Microphone, IR Remote Control Line Input: AUX1, AUX2 Sensitivity: 330mV Microphone input: MIC1 (priority), M"
"1531","Mixer Amplifier (SP-MB500U)","Surpass","smart-accessories","20720","20720","Yes","https://electro-z-smart.com/wp-content/uploads/2026/02/NpxkrgWzW2rESWXN71xQP9W3URBh78lkLescP8jY.jpg","1","EZS-1531","https://electro-z-smart.com/product/mixer-amplifier-sp-mb500u/","500W Mixer Amplifier BT/USB/SD/Mp3/FM/AUX/MIC input Type: Bluetooth, Mp3, USB/SD, FM, Line, Microphone, IR Remote Control Line Input: AUX1, AUX2 Sensitivity: 330mV Microphone input: MIC1 (priority), M"
"1529","Smart Home Conrtol Panel + Amplifier (PW-530)","Surpass","smart-controllers","18000","18000","No","https://electro-z-smart.com/wp-content/uploads/2026/02/EnjLfvN2ClwcAqxf2pCCfCyROHeVbHAh20o827CE.jpg","1","EZS-1529","https://electro-z-smart.com/product/smart-home-conrtol-panel-amplifier-pw-530/","5.5 Inch Wifi Touch Screen wall amplifier Control Panel TUYA APP control 2-zone volume adjustment Blue-tooth Connection Wall Amplifier Specifications: • Power: AC110V-250V(50HZ) • Output Power: 4*30W "
"1527","Mini Wall Amplifier (SP-PW425Q )","Surpass","smart-accessories","2465","2465","Yes","https://electro-z-smart.com/wp-content/uploads/2026/02/okiQfw8JygvrzCuPiXzLcJjCXGFizDQhvuKAIQMq.webp","1","EZS-1527","https://electro-z-smart.com/product/mini-wall-amplifier-sp-pw425q/","Smart Home Audio Theater 4*25W Mini Wall Amplifier Background Music Player With Blue-tooth, USB,TF Touch Key Wall Amplifier (White/Black) Touch Key 1.77” LRC display, 4x25W@8ohm, Blue-tooth 5.0, USB/T"
"1511","قفل SIB الذكي – قارئ الكارت الذكي Smart Intelligent Lock","SIB","smart-locks","2300","3250","Yes","https://electro-z-smart.com/wp-content/uploads/2026/06/images.jpg","2","2643","https://electro-z-smart.com/product/%d9%82%d9%81%d9%84-sib-%d8%a7%d9%84%d8%b0%d9%83%d9%8a-%d9%82%d8%a7%d8%b1%d8%a6-%d8%a7%d9%84%d9%83%d8%a7%d8%b1%d8%aa-%d8%a7%d9%84%d8%b0%d9%83%d9%8a-smart-intelligent-lock/","أمان أعلى… سهولة أكبر… تكنولوجيا مش هتتعوّض! دلوقتي مع Electro Z Smart Store هتقدر تحمي بيتك أو مكتبك بأحدث أنظمة الأمان الذكية وبـ أقل سعر في مصر ! القفل الذكي من SIB بيقدملك دمج مثالي بين القوة، الأ"
"1476","جهاز سمارت سبيكر اليكسا امازون إيكو سبوت","Amazon","smart-accessories","5850","6500","Yes","https://electro-z-smart.com/wp-content/uploads/2025/07/SPOT-3.jpg","6","EZS-1476","https://electro-z-smart.com/product/%d8%ac%d9%87%d8%a7%d8%b2-%d8%b3%d9%85%d8%a7%d8%b1%d8%aa-%d8%b3%d8%a8%d9%8a%d9%83%d8%b1-%d8%a7%d9%84%d9%8a%d9%83%d8%b3%d8%a7-%d8%a7%d9%85%d8%a7%d8%b2%d9%88%d9%86-%d8%a5%d9%8a%d9%83%d9%88-%d8%b3%d8%a8/","ECHO SPOT – A sleek smart alarm clock with Alexa and big vibrant sound. Ready to help you wake up, wind down, and so much more. CUSTOMIZABLE SMART CLOCK – See time, weather, and song titles at a glanc"
"1468","جهاز سمارت سبيكر اليكسا امازون إيكو بوب","Amazon","smart-accessories","3600","4000","Yes","https://electro-z-smart.com/wp-content/uploads/2025/08/ايكو-بوب-1.webp","10","EZS-1468","https://electro-z-smart.com/product/%d8%ac%d9%87%d8%a7%d8%b2-%d8%b3%d9%85%d8%a7%d8%b1%d8%aa-%d8%b3%d8%a8%d9%8a%d9%83%d8%b1-%d8%a7%d9%84%d9%8a%d9%83%d8%b3%d8%a7-%d8%a7%d9%85%d8%a7%d8%b2%d9%88%d9%86-%d8%a5%d9%8a%d9%83%d9%88-%d8%a8%d9%88/","Echo Pop – سماعة ذكية توفر حرية التحكم عن طريق الصوت باستخدام خدمة أليكسا الصوتية لتشغيل الموسيقى وتلاوة القرآن الكريم وضبط المنبهات والمؤقتات وجعل منزلك أكثر ذكاءً باستخدام الأجهزة المنزلية الذكية وغ"
"1454","أمازون أليكسا إيكو دوت الجيل الخامس Amazon Alexa echo dot 5th Gen","Amazon","smart-accessories","5400","6000","No","https://electro-z-smart.com/wp-content/uploads/2025/07/ايكو-دوت-8.jpg","8","EZS-1454","https://electro-z-smart.com/product/%d8%a3%d9%85%d8%a7%d8%b2%d9%88%d9%86-%d8%a3%d9%84%d9%8a%d9%83%d8%b3%d8%a7-%d8%a5%d9%8a%d9%83%d9%88-%d8%af%d9%88%d8%aa-%d8%a7%d9%84%d8%ac%d9%8a%d9%84-%d8%a7%d9%84%d8%ae%d8%a7%d9%85%d8%b3-amazon-alexa-e/","المميزات الرئيسية جودة صوت محسنة لتجربة استماع مثالية ✔ صوت واضح مع جهير عميق يمنحك تجربة استماع غنية. ✔ مثالي لتشغيل الموسيقى، الكتب الصوتية، والبودكاست من أمازون ميوزيك، سبوتيفاي، أبل ميوزيك وغيرها."
"1442","Show5 Smart Screen Headset","Amazon","smart-accessories","7500","8500","Yes","https://electro-z-smart.com/wp-content/uploads/2025/07/3disprime22.jpg","7","EZS-1442","https://electro-z-smart.com/product/show5-smart-screen-headset/","Echo Show 5 هي شاشة ذكية يتم التحكم فيها صوتيا باستخدام خدمة أليكسا الصوتية لتشغيل الموسيقى وتلاوة القرآن الكريم وضبط المنبهات والمؤقتات وجعل منزلك أكثر ذكاء باستخدام الأجهزة المنزلية الذكية وغيرها ال"
"1395","جهاز سمارت سبيكر اليكسا امازون إيكو دوت للأطفال الجيل الخامس","Amazon","smart-accessories","5500","6000","Yes","https://electro-z-smart.com/wp-content/uploads/2025/07/ALXA-BABY-1.jpg","14","EZS-1395","https://electro-z-smart.com/product/%d8%ac%d9%87%d8%a7%d8%b2-%d8%b3%d9%85%d8%a7%d8%b1%d8%aa-%d8%b3%d8%a8%d9%8a%d9%83%d8%b1-%d8%a7%d9%84%d9%8a%d9%83%d8%b3%d8%a7-%d8%a7%d9%85%d8%a7%d8%b2%d9%88%d9%86-%d8%a5%d9%8a%d9%83%d9%88-%d8%af%d9%88/","https://youtu.be/XL_P6XNjRco"
"1320","Circuit Breaker 32A-1P","eWeLink","smart-accessories","3024","3360","Yes","https://electro-z-smart.com/wp-content/uploads/2025/07/Circuit-Breaker-32A-1P.jpg","1","EZS-1320","https://electro-z-smart.com/product/circuit-breaker-32a-1p/","Specifications for : 1P Smart WiFi Circuit Breaker WIFI Wireless Remote Control IoT Smart Switch АРР Remote Control Support ALEXAs Googles home Product Specifics: Rated vо|tage: AC230 𝖵 (1P) Rated Fr"
"1318","Circuit Breaker 63A-1P","eWeLink","smart-accessories","3226","3585","Yes","https://electro-z-smart.com/wp-content/uploads/2025/07/Circuit-Breaker-63A-1P.jpg","1","EZS-1318","https://electro-z-smart.com/product/circuit-breaker-63a-1p/","Specifications for : 1P Smart WiFi Circuit Breaker WIFI Wireless Remote Control IoT Smart Switch АРР Remote Control Support ALEXAs Googles home Product Specifics: Rated vо|tage: AC230 𝖵 (1P) Rated Fr"
"1316","Circuit Breaker 80A-1P","eWeLink","smart-accessories","3429","3810","Yes","https://electro-z-smart.com/wp-content/uploads/2025/07/Circuit-Breaker-80A-1P.jpg","1","EZS-1316","https://electro-z-smart.com/product/circuit-breaker-80a-1p/","Specifications for : 1P Smart WiFi Circuit Breaker WIFI Wireless Remote Control IoT Smart Switch АРР Remote Control Support ALEXAs Googles home Product Specifics: Rated vо|tage: AC230 𝖵 (1P) Rated Fr"
"1314","Circuit Breaker 100A-1P (PM)","eWeLink","smart-accessories","5242","5825","Yes","https://electro-z-smart.com/wp-content/uploads/2025/07/Circuit-Breaker-100A-1P-PM.jpg","1","EZS-1314","https://electro-z-smart.com/product/circuit-breaker-100a-1p-pm/","This product only support above input, down output. Please don’t reverse, otherwise the handle can’t push up. Some customers have a distribution box at home, the input line is below, and the output is"
"1337","Electric Valve","eWeLink","smart-accessories","2220","2465","No","https://electro-z-smart.com/wp-content/uploads/2025/07/Electric-Valve-1.jpg","3","EZS-1337","https://electro-z-smart.com/product/electric-valve/","OVERVIEW Voice control, suitable for Amazon Alexa and Google Home. Wireless water shutdown controller for standard home automation systems. Prevents water damage (adds water leak sensors). Water shutd"
"1329","GAS DETECTOR SENSOR","eWeLink","smart-sensors","1210","1345","No","https://electro-z-smart.com/wp-content/uploads/2025/07/GAS-DETECTOR-SENSOR-1.jpeg","3","EZS-1329","https://electro-z-smart.com/product/gas-detector-sensor/","OVERVIEW 433MHz Wireless Smoke Detector Fire Security Alarm Protection Smart Sensor For Home Automation Works With valve. Specification Works with eWeLink Smart Valve Controller 1. MCU Embedded, intel"
"1325","Smart Curtain 5 Meters","eWeLink","smart-curtains","10080","11200","No","https://electro-z-smart.com/wp-content/uploads/2025/07/Smart-Curtain-5-Meters-1.webp","4","EZS-1325","https://electro-z-smart.com/product/smart-curtain-5-meters/","OVERVIEW 1. Multiple control methods including: remote, wall switch, smart phone, Amazon Alexa, Echo, Google Home, and other home automation systems. 2. Set timers for opening and closing via smart ph"
"1333","Wireless flooding Sensor","eWeLink","smart-sensors","810","900","Yes","https://electro-z-smart.com/wp-content/uploads/2025/07/Wireless-flooding-Sensor-1.jpeg","3","EZS-1333","https://electro-z-smart.com/product/wireless-flooding-sensor/","overview Wirelessly close the water and notify the smartphone Voice control, suitable for Amazon Alexa and Google Home. Easy to install, no plumbing required. Compatible with mobile phone Compatible w"
"1305","Smart Curtain 3 Meters","eWeLink","smart-curtains","9072","10080","Yes","https://electro-z-smart.com/wp-content/uploads/2025/07/Smart-Curtain-3-Meters-1.jpg","5","EZS-1305","https://electro-z-smart.com/product/smart-curtain-3-meters/","OVERVIEW 1. Multiple control methods including: remote, wall switch, smart phone, Amazon Alexa, Echo, Google Home, and other home automation systems. 2. Set timers for opening and closing via smart ph"
"1299","SONOFF GK_200MP2_B WiFi Wireless IP Security Camera","Sonoff","security-cameras","1665","1850","Yes","https://electro-z-smart.com/wp-content/uploads/2025/07/GK_200MP2_B-WiFi-Wireless-IP-Security-Camera-1.jpeg","5","EZS-1299","https://electro-z-smart.com/product/sonoff-gk_200mp2_b-wifi-wireless-ip-security-camera/","Overview APP remote monitoring 360° wide viewing angle, 340° pan & 120° tilt Full HD 1080P images recording Accurate motion detection Real-time activity alert Enhanced infrared night vision Two-way co"
"1289","SONOFF CAM Slim Gen2 Smart Home Security Camera","Sonoff","security-cameras","1611","1790","Yes","https://electro-z-smart.com/wp-content/uploads/2025/07/CAM-Slim-Gen2-Smart-Home-Security-Camera-1.webp","8","EZS-1289","https://electro-z-smart.com/product/sonoff-cam-slim-gen2-smart-home-security-camera/","Overview SONOFF CAM Slim Gen2 is a Wi-Fi security camera with 1080P resolution, capable of capturing every detail clearly. It supports real-time viewing of home situations and remote conversations on "
"1282","SONOFF Zigbee Smart Curtain Motor","Sonoff","smart-curtains","6300","7000","Yes","https://electro-z-smart.com/wp-content/uploads/2025/07/Zigbee-Smart-Curtain-Motor-1.webp","6","EZS-1282","https://electro-z-smart.com/product/sonoff-zigbee-smart-curtain-motor/","【Easy to Make Ordinary Curtain Smart】 Make your original curtains smart in seconds without making any changes to your current curtain or using any tools, the powerful speed of the motor can easily pul"
"1281","SONOFF Zigbee Thermostatic Radiator Valve","Sonoff","smart-accessories","1665","1850","Yes","https://electro-z-smart.com/wp-content/uploads/2025/07/Zigbee-Thermostatic-Radiator-Valve-1.jpg","2","EZS-1281","https://electro-z-smart.com/product/sonoff-zigbee-thermostatic-radiator-valve/","【 Smart Control 】SONOFF Zigbee thermostatic radiator valve has all the smart functions, including APP remote control, voice control, set schedule, group control, etc. 【 Open Window Detection 】Automati"
"1234","SONOFF Zigbee Bridge Ultra","Sonoff","smart-accessories","3240","3600","Yes","https://electro-z-smart.com/wp-content/uploads/2025/07/Zigbee-Bridge-Ultra-1-1.webp","14","EZS-1234","https://electro-z-smart.com/product/sonoff-zigbee-bridge-ultra/","Overview Zigbee Bridge Ultra is a Zigbee gateway, it can manage up to 256 SONOFF Zigbee sub-devices, making your home smarter. *Only supports Zigbee sub-devices from SONOFF brand and eWeLink ecosystem"
"1278","New SONOFF Zigbee Smart Water Valve","Sonoff","smart-accessories","1813","2015","Yes","https://electro-z-smart.com/wp-content/uploads/2025/07/Zigbee-Smart-Water-Valve-1.jpg","15","EZS-1278","https://electro-z-smart.com/product/new-sonoff-zigbee-smart-water-valve/","With SONOFF Zigbee Smart Water Valve, you can automate and control your watering system with ease. It is easy and quick to install, simply connect the Zigbee Smart Water Valve between the faucet and t"
"1207","Ceiling Loudspeakers CR615","Surpass","smart-accessories","900","900","Yes","https://electro-z-smart.com/wp-content/uploads/2025/07/Ceiling-Loudspeakers-CR615-1.jpg","5","EZS-1207","https://electro-z-smart.com/product/ceiling-loudspeakers-cr615/","▪ Intelligent stereo WIFI wireless transmission solution, unlimited listening to cloud tracks. ▪ Multi-zone playback, each zone can play different music programs without interfering with each other. ▪"
"1260","SONOFF iHost Smart Home Hub","Sonoff","smart-controllers","6300","7000","Yes","https://electro-z-smart.com/wp-content/uploads/2025/07/iHost-Smart-Home-Hub-1-1.jpg","2","EZS-1260","https://electro-z-smart.com/product/sonoff-ihost-smart-home-hub-2/","Characteristics: Model: Albridge Versions: RV1109 DDR4 2G, RV1126 DDR4 4G Zigbee Module: Silicon Labs EFR32MG21 SoC Wi-Fi Module: Wi-Fi 2.4G and BLE RTL8723 wireless module Storage Methods: USB and SD"
"1257","SONOFF MINI Extreme Wi-Fi Smart Switch (Matter-enabled)","Sonoff","smart-switches","958","1065","Yes","https://electro-z-smart.com/wp-content/uploads/2025/07/MINI-Extreme-Wi-Fi-Smart-Switch-Matter-enabled-1-1.webp","5","EZS-1257","https://electro-z-smart.com/product/sonoff-mini-extreme-wi-fi-smart-switch-matter-enabled-2/","【 Matter Compatible】 SONOFF MINIR4M is a Matter-certified device, it can work with other brands of Matter end devices and integrate into Matter-enabled platforms, such as Alexa, Apple Home, Google Hom"
"1201","Smart Home Conrtol Panel + Amplifier","Surpass","smart-controllers","9072","10082","Yes","https://electro-z-smart.com/wp-content/uploads/2025/07/Smart-Home-Conrtol-Panel-Amplifier-square-1.jpg","6","EZS-1201","https://electro-z-smart.com/product/smart-home-conrtol-panel-amplifier-2/","1、Cortex 1.2G quad-core CPU with Android 11 system. 2、Support to download APK such as Spotify, Pandora and so on. 3、4 inch multi-touch capacitive screen, 480*480 IPS HD resolution display. 4、Scene lin"
"1214","SONOFF MINI Dry Wi-Fi Smart Switch | MINI-D","Sonoff","smart-switches","900","1000","Yes","https://electro-z-smart.com/wp-content/uploads/2025/07/MINI-D-1-1.jpg","6","EZS-1214","https://electro-z-smart.com/product/sonoff-mini-dry-wi-fi-smart-switch-mini-d-2/","Overview MINI-D is a Wi-Fi dry contact smart switch that supports AC/DC power supply. It can be used to control motors, garage doors, and other dry contact input devices, offering remote control, voic"
"1101","SONOFF iPlug Wi-Fi Smart Plug | S60 Series","Sonoff","smart-plugs","900","1000","No","https://electro-z-smart.com/wp-content/uploads/2025/07/S60-Series-1.jpg","9","EZS-1101","https://electro-z-smart.com/product/sonoff-iplug-wi-fi-smart-plug-s60-series/","SONOFF iPlug Wi-Fi Smart Plug | S60 Series"
"1194","PW-730)Smart Home Conrtol Panel + Amplifier)","Surpass","smart-controllers","21280","21280","Yes","https://electro-z-smart.com/wp-content/uploads/2025/07/Smart-Home-Conrtol-Panel-Amplifier-1.jpg","6","EZS-1194","https://electro-z-smart.com/product/smart-home-conrtol-panel-amplifier/","1. Support for sound adjustment 2. Support two-zone music playback, four-zone volume adjustment 3. Bluetooth playback, you can connect your cell phone to the host to push the songs from your cell phon"
"1151","Curtain Belt 1Meter","Smart Home","smart-curtains","135","150","Yes","https://electro-z-smart.com/wp-content/uploads/2025/07/Curtain-Belt-1Meter-1.jpeg","2","EZS-1151","https://electro-z-smart.com/product/curtain-belt-1meter/","Curtain Belt 1Meter"
"1150","Angle 90","Smart Home","smart-accessories","810","900","No","https://electro-z-smart.com/wp-content/uploads/2025/07/Angle-90.jpeg","1","EZS-1150","https://electro-z-smart.com/product/angle-90/","Angle 90"
"1148","Angle 135","Smart Home","smart-accessories","810","900","No","https://electro-z-smart.com/wp-content/uploads/2025/07/Angle-135.jpeg","1","EZS-1148","https://electro-z-smart.com/product/angle-135/","Angle 135"
"1146","Curtain Motor Base","Smart Home","smart-curtains","405","450","No","https://electro-z-smart.com/wp-content/uploads/2025/07/Curtain-Motor-Base.jpeg","1","EZS-1146","https://electro-z-smart.com/product/curtain-motor-base/","Curtain Motor Base"
"1144","Curtain wall bracket","Smart Home","smart-curtains","68","75","No","https://electro-z-smart.com/wp-content/uploads/2025/07/Curtain-wall-bracket.jpeg","1","EZS-1144","https://electro-z-smart.com/product/curtain-wall-bracket/","Curtain wall bracket"
"1131","SONOFF TX Ultimate Smart Touch Wall Switch Cover (star style)","Sonoff","smart-switches","270","300","Yes","https://electro-z-smart.com/wp-content/uploads/2025/07/TX-Ultimate-Smart-Touch-Wall-Switch-Cover-star-style-1.jpg","3","EZS-1131","https://electro-z-smart.com/product/sonoff-tx-ultimate-smart-touch-wall-switch-cover-star-style/","SONOFF TX Ultimate Smart Touch Wall Switch Cover (star style)"
"1124","SONOFF TX Ultimate Cover Star Style (US & UK)","Sonoff","smart-accessories","270","300","No","https://electro-z-smart.com/wp-content/uploads/2025/07/TX-Ultimate-Cover-Star-Style-US-UK-1.webp","5","EZS-1124","https://electro-z-smart.com/product/sonoff-tx-ultimate-cover-star-style-us-uk/","SONOFF TX Ultimate Cover Star Style (US & UK)"
"1073","SONOFF DUALR3 Dual Relay Two Way Power Metering Smart Switch","Sonoff","smart-switches","1215","1350","Yes","https://electro-z-smart.com/wp-content/uploads/2025/07/DUALR3-2-2.jpg","2","EZS-1073","https://electro-z-smart.com/product/sonoff-dualr3-dual-relay-two-way-power-metering-smart-switch/","SONOFF DUALR3 Dual Relay Two Way Power Metering Smart Switch"
"1112","SONOFF S55 WiFi Smart Waterproof Socket","Sonoff","smart-plugs","900","1000","No","https://electro-z-smart.com/wp-content/uploads/2025/07/SONOFF-S55-WiFi-Smart-Waterproof-Socket.jpeg","1","EZS-1112","https://electro-z-smart.com/product/sonoff-s55-wifi-smart-waterproof-socket/","SONOFF S55 is a handy Waterproof Smart Socket that can connect to your home Wi-Fi network and make you manage and program devices from far with your phone or voice via Amazon Alexa or Google Assistant"
"1181","Smart Curtain 8 Meters","Smart Home","smart-curtains","10800","12000","No","https://electro-z-smart.com/wp-content/uploads/2025/07/Smart-Curtain-8-Meters-1.webp","2","EZS-1181","https://electro-z-smart.com/product/smart-curtain-8-meters/","Smart Curtain 8 Meters"
"1095","RGB Extension Led Strip 5 meter","Smart Home","smart-lighting","1700","1700","Yes","https://electro-z-smart.com/wp-content/uploads/2025/07/RGB-Extension-Led-Strip-5-meter-1.jpeg","2","EZS-1095","https://electro-z-smart.com/product/rgb-extension-led-strip-5-meter/","RGB Extension Led Strip 5 meter"
"1180","Waterproof DS18B20 Temperature Sensor Temperature Transmitter 1m","Smart Home","smart-sensors","135","150","No","https://electro-z-smart.com/wp-content/uploads/2025/07/Waterproof-DS18B20-Temperature-Sensor-Temperature-Transmitter-1m-1.png","4","EZS-1180","https://electro-z-smart.com/product/waterproof-ds18b20-temperature-sensor-temperature-transmitter-1m/","Overview This is a Waterproof DS18B20 Temperature Sensor/Thermometer. The probe uses original DS18B20 temperature sensor chip. It is waterproof, moisture-proof and anti-rust with the high-quality stai"
"1069","SONOFF POWR3 High Power Smart Switch","Sonoff","smart-switches","1210","1345","Yes","https://electro-z-smart.com/wp-content/uploads/2025/07/POWR3-High-Power-Smart-Switch-2-1.jpg","3","EZS-1069","https://electro-z-smart.com/product/sonoff-powr3-high-power-smart-switch/","【25A/5500W Highest Output Power】POWR3 has the highest output power to make your high-powered devices smart, or as a single room-meter to measure power consumption. 【Measuring Power Consumption】Keep tr"
"1168","SONOFF RM433 MHZ RF_ Remote Controller + BASE","Sonoff","smart-accessories","495","550","Yes","https://electro-z-smart.com/wp-content/uploads/2025/07/RM433-MHZ-RF_-Remote-Controller-BASE-1.jpeg","6","EZS-1168","https://electro-z-smart.com/product/sonoff-rm433-mhz-rf_-remote-controller-base/","Overview Remote Control – Used to control the connected devices remotely Powerful Compatibility – Suitable for SONOFF BASICRF, BASICRFR3, Slampher, iFan03, D1, 4CHProR2, TX series, 433 RF Bridge and o"
"1157","SONOFF Sensor SI7021","Sonoff","smart-sensors","135","150","No","https://electro-z-smart.com/wp-content/uploads/2025/07/Sensor-SI7021-1.jpeg","3","EZS-1157","https://electro-z-smart.com/product/sonoff-sensor-si7021/","Temperature Measuring Range: –10℃ ~ +85°C Humidity Measuring Range: 0 ~ 100%RH Storage Temp.: –65℃ ~ +150°C Operating Voltage: 2.2 – 3.6V Weight: 26g Length: 0.5m"
"1055","SONOFF POW EliteR320 Smart Power Meter Switch","Sonoff","smart-switches","1512","1680","Yes","https://electro-z-smart.com/wp-content/uploads/2025/07/POW-EliteR320-2-1.jpg","2","EZS-1055","https://electro-z-smart.com/product/sonoff-pow-eliter320-smart-power-meter-switch/","【LCD Screen】Track of power, current, voltage, and cumulative power consumption of your appliances in real-time on the LCD screen. 【20A Max Load】Support maximum 20A load, POW Elite compatible with more"
"1137","SONOFF MS01- Smart Soil Moisture Sensor","Sonoff","smart-sensors","405","450","No","https://electro-z-smart.com/wp-content/uploads/2025/07/MS01-Smart-Soil-Moisture-Sensor-1.jpg","3","EZS-1137","https://electro-z-smart.com/product/sonoff-ms01-smart-soil-moisture-sensor/","MS01 is a accessory of TH10/TH16 ,work with SONOFF TH10/16 to accurately measure soil moisture and send data to your mobile phone.MS01 can watering regularly, and check the soil moisture anytime and a"
"1136","SONOFF SwitchMan R5 Scene Controller","Sonoff","smart-switches","675","750","Yes","https://electro-z-smart.com/wp-content/uploads/2025/07/SwitchMan-R5-Scene-Controller.jpg","1","EZS-1136","https://electro-z-smart.com/product/sonoff-switchman-r5-scene-controller/","【Scene Control】All SONOFF devices can be controlled by setting the smart scenes when the internet connection is available. 【”eWeLink-Remote” Control】Control the device which has the eWeLink-Remote gat"
"1123","SONOFF Solar Panel","Sonoff","smart-controllers","900","1000","Yes","https://electro-z-smart.com/wp-content/uploads/2025/07/Solar-Panel.webp","1","EZS-1123","https://electro-z-smart.com/product/sonoff-solar-panel/","SONOFF Solar Panel"
"1120","SONOFF Curtain Remote Controller","Sonoff","smart-curtains","315","350","No","https://electro-z-smart.com/wp-content/uploads/2025/07/Curtain-Remote-Controller-1.webp","2","EZS-1120","https://electro-z-smart.com/product/sonoff-curtain-remote-controller/","SONOFF Curtain Remote Controller"
"1078","4CH PRO R3_ SONOFF","Sonoff","smart-switches","2340","2600","Yes","https://electro-z-smart.com/wp-content/uploads/2025/07/4CH-PRO-R3-1.jpeg","3","EZS-1078","https://electro-z-smart.com/product/4ch-pro-r3_-sonoff/","SONOFF 4CHPROR3 4-gang Wi-Fi Smart Switches designed to give you the ability to integrate smart control into your existing home to enable a smart home. Each smart switch has 4 gangs that can be used t"
"1114","SONOFF SwitchMan R5 White Scene Controller","Sonoff","smart-switches","675","750","Yes","https://electro-z-smart.com/wp-content/uploads/2025/07/SwitchMan-R5-White-Scene-Controller-1.webp","2","EZS-1114","https://electro-z-smart.com/product/sonoff-switchman-r5-white-scene-controller/","When you have too many smart devices, and they are distributed in different rooms but don’t want to control them through your phone? You need an R5 scene remote controller at this time, R5 can be adde"
"1092","SONOFF L3 RGB Smart LED Strip Lights-5M/16.4Ft","Sonoff","smart-lighting","1530","1700","Yes","https://electro-z-smart.com/wp-content/uploads/2025/07/L3-RGB-Smart-LED-1.jpg","3","EZS-1092","https://electro-z-smart.com/product/sonoff-l3-rgb-smart-led-strip-lights-5m-16-4ft/","SONOFF L3 RGB Smart LED Strip Lights-5M/16.4Ft"
"1059","SONOFF SPM 4 Relay Smart Stackable Power Meter","Sonoff","smart-switches","3780","4200","Yes","https://electro-z-smart.com/wp-content/uploads/2025/07/SPM-4-Relay-Smart-Stackable-Power-Meter.jpg","1","EZS-1059","https://electro-z-smart.com/product/sonoff-spm-4-relay-smart-stackable-power-meter/","Connect up to 32 SPM-4Relays】One SPM-Main can be connected 32 SPM-4Relays. Each SPM-4Relay has 4 isolated channels to help you manage devices more conveniently. 【Power metering】You can monitor the pow"
"1100","SONOFF D1_ Smart Dimmer Switch","Sonoff","smart-switches","1210","1345","Yes","https://electro-z-smart.com/wp-content/uploads/2025/07/D1_-Smart-Dimmer-Switch-1.jpeg","4","EZS-1100","https://electro-z-smart.com/product/sonoff-d1_-smart-dimmer-switch/","Due to popular demand, SONOFF eventually releases a new D1 smart dimmer switch. It excellently improves the lighting system in your home with different brightness levels. Turn on/off, brighten and dim"
"1057","SONOFF MINI R3 Smart Switch","Sonoff","smart-switches","720","800","Yes","https://electro-z-smart.com/wp-content/uploads/2025/07/MINI-R3.jpg","1","EZS-1057","https://electro-z-smart.com/product/sonoff-mini-r3-smart-switch/","SONOFF MINI R3 Smart Switch"
"1051","SONOFF SPM-Main Smart Stackable Power Meter","Sonoff","smart-switches","2880","3200","Yes","https://electro-z-smart.com/wp-content/uploads/2025/07/SPM-Main-Smart-Stackable-Power-Meter.jpg","1","EZS-1051","https://electro-z-smart.com/product/sonoff-spm-main-smart-stackable-power-meter/","SONOFF SPM-Main Smart Stackable Power Meter"
"1049","SONOFF THR316D Elite Smart Temperature and Humidity Monitoring Switch","Sonoff","smart-switches","1260","1400","Yes","https://electro-z-smart.com/wp-content/uploads/2025/07/THR316D-1.webp","4","EZS-1049","https://electro-z-smart.com/product/sonoff-thr316d-elite-smart-temperature-and-humidity-monitoring-switch/","SONOFF THR316D Elite Smart Temperature and Humidity Monitoring Switch"
"1044","SONOFF MINI Extreme Wi-Fi Smart Switch MINIR4","Sonoff","smart-switches","990","1100","Yes","https://electro-z-smart.com/wp-content/uploads/2025/07/MINIR4-1-1.jpg","5","EZS-1044","https://electro-z-smart.com/product/sonoff-mini-extreme-wi-fi-smart-switch-minir4/","SONOFF MINI Extreme Wi-Fi Smart Switch MINIR4"
"1083","SONOFF IFan03 WiFi Ceiling Fan And Light Controller","Sonoff","smart-switches","405","450","No","https://electro-z-smart.com/wp-content/uploads/2025/07/IFan03-1.jpeg","4","EZS-1083","https://electro-z-smart.com/product/sonoff-ifan03-wifi-ceiling-fan-and-light-controller/","iFan03 WiFi ceiling fan and light controller supported to control the ceiling fan with light using your phone wherever you are. Voice control is designed to make you easily command iFan03 to turn on o"
"1064","SONOFF iFan04: Wi-Fi Ceiling Fan And Light Controller","Sonoff","smart-switches","720","800","No","https://electro-z-smart.com/wp-content/uploads/2025/07/Wi-Fi-Ceiling-Fan-And-Light-Controller-1.webp","4","EZS-1064","https://electro-z-smart.com/product/sonoff-ifan04-wi-fi-ceiling-fan-and-light-controller/","【Direct Replacement】Simply replace your existing ordinary ceiling fan with lights controller with iFan04, you will immediately get a smart ceiling fan with lights. 【APP&433MHz RF Remote Control】Throug"
"1016","SONOFF BASICR4 Wi-Fi Smart Switch","Sonoff","smart-switches","810","900","Yes","https://electro-z-smart.com/wp-content/uploads/2026/02/BASICR4-2.jpg","5","EZS-1016","https://electro-z-smart.com/product/sonoff-basicr4-wi-fi-smart-switch/","SONOFF BASICR4 Wi-Fi Smart Switch"
"1010","DUALR3 Lite Dual Relay Two Way Smart Switch","Smart Home","smart-switches","1008","1120","Yes","https://electro-z-smart.com/wp-content/uploads/2025/07/DUALR3-1.jpg","9","EZS-1010","https://electro-z-smart.com/product/dualr3-lite-dual-relay-two-way-smart-switch/","DUALR3 Lite Dual Relay Two Way Smart Switch"
"992","SONOFF DW2-Wi-Fi – Wireless Door/Window Sensor","Sonoff","smart-sensors","756","840","Yes","https://electro-z-smart.com/wp-content/uploads/2025/07/DW2-Wi-Fi-1.jpg","11","EZS-992","https://electro-z-smart.com/product/sonoff-dw2-wi-fi-wireless-door-window-sensor/","SONOFF DW2-Wi-Fi – Wireless Door/Window Sensor"
"980","SONOFF DW2-RF – 433MHZ RF Wireless Door/Window Sensor","Sonoff","smart-sensors","405","450","Yes","https://electro-z-smart.com/wp-content/uploads/2025/07/DW2-RF-433MHZ-RF-1.jpeg","2","EZS-980","https://electro-z-smart.com/product/sonoff-dw2-rf-433mhz-rf-wireless-door-window-sensor/","【Alert Notification & Camera Binding】By receiving a push notification, monitor your home more reassuringly. You can also add a camera to check the real-time status. 【Smart Scenes】Open the door to trig"
"969","SONOFF PIR3-RF – 433MHZ RF PIR motion sensor","Sonoff","smart-sensors","657","730","No","https://electro-z-smart.com/wp-content/uploads/2025/07/PIR3-RF-–-433MHZ-1.jpg","5","EZS-969","https://electro-z-smart.com/product/sonoff-pir3-rf-433mhz-rf-pir-motion-sensor/","【Motion Sensor & Camera Binding】Alarm notification, by binding a camera, monitor your home on the double insurance. 【Alert Mode/Normal Mode】Two built-in modes which are two different trigger time mech"
"1031","SONOFF S-MATE Switch Mate","Sonoff","smart-switches","351","390","Yes","https://electro-z-smart.com/wp-content/uploads/2025/07/S-MATE-Switch-Mate-1.jpg","6","EZS-1031","https://electro-z-smart.com/product/sonoff-s-mate-switch-mate/","【“eWeLink-Remote” Control】Use it with the MINIR4 or other smart switch with the gateway function of “eWeLink-Remote”, it can achieve “eWeLink-Remote” control. 【Control Ways】Control built-in “eWeLink-R"
"1024","SONOFF POW Ring Smart Power Meter | POWCT","Sonoff","smart-switches","1813","2015","Yes","https://electro-z-smart.com/wp-content/uploads/2025/07/POWCT-1.jpg","7","EZS-1024","https://electro-z-smart.com/product/sonoff-pow-ring-smart-power-meter-powct/","SONOFF POW Ring Smart Power Meter | POWCT"
"944","SONOFF Zigbee Human Presence Sensor | SNZB-06P","Sonoff","smart-sensors","1080","1200","Yes","https://electro-z-smart.com/wp-content/uploads/2025/07/SNZB-06P-1.jpg","8","EZS-944","https://electro-z-smart.com/product/sonoff-zigbee-human-presence-sensor-snzb-06p/","Item will be availabe within 3 months 【Presence Detection】SNZB-06P based on 5.8GHz microwave radar, it can detect movement or stationary person. It automatically turns on the lights when you approach "
"935","SONOFF Zigbee Motion Sensor | SNZB-03P","Sonoff","smart-sensors","900","1000","Yes","https://electro-z-smart.com/wp-content/uploads/2025/07/SNZB-03P-1.jpg","11","EZS-935","https://electro-z-smart.com/product/sonoff-zigbee-motion-sensor-snzb-03p/","SONOFF Zigbee Motion Sensor | SNZB-03P"
"923","SONOFF Zigbee Water Leak Sensor | SNZB-05P","Sonoff","smart-sensors","990","1100","Yes","https://electro-z-smart.com/wp-content/uploads/2025/07/SNZB-05P-1.jpg","10","EZS-923","https://electro-z-smart.com/product/sonoff-zigbee-water-leak-sensor-snzb-05p/","【Leaking & Dripping Detection】The elevated probe design can detect a 0.5mm liquid level and allows for use on metal surfaces without false triggers from the metal. The concave water collection design "
"844","SONOFF NSPanel Pro Smart Home Control Panel (Black)","Sonoff","smart-controllers","7200","8000","No","https://electro-z-smart.com/wp-content/uploads/2025/07/NSPanel-Pro-Smart-Home-Control-Panel-Black-1.webp","5","EZS-844","https://electro-z-smart.com/product/sonoff-nspanel-pro-smart-home-control-panel-black/","SONOFF NSPanel Pro Smart Home Control Panel (Black)"
"911","SONOFF Bridge – Smart Zigbee Bridge","Sonoff","smart-controllers","720","800","No","https://electro-z-smart.com/wp-content/uploads/2025/07/Smart-Zigbee-Bridge-1.jpeg","5","EZS-911","https://electro-z-smart.com/product/sonoff-bridge-smart-zigbee-bridge/","SONOFF ZigBee Bridge is the heart of smart home that enables you to remotely manage a variety of ZigBee devices and sensors for monitoring and control purposes of home, and allows you to create smart "
"889","TUYA Universal Remote","Tuya","smart-sensors","750","900","Yes","https://electro-z-smart.com/wp-content/uploads/2025/07/TUYA-Universal-Remote-1.jpg","3","EZS-889","https://electro-z-smart.com/product/tuya-universal-remote/","TUYA Universal Remote"
"838","SONOFF NSPanel Pro Smart Home Control Panel (White)","Sonoff","smart-controllers","7200","8000","No","https://electro-z-smart.com/wp-content/uploads/2025/07/NSPanel-Pro-Smart-Home-Control-Panel-White-1.webp","5","EZS-838","https://electro-z-smart.com/product/sonoff-nspanel-pro-smart-home-control-panel-white/","SONOFF NSPanel Pro Smart Home Control Panel (White)"
"885","SONOFF NSPanel US B Smart Scene Wall Switch","Sonoff","smart-switches","3528","3920","Yes","https://electro-z-smart.com/wp-content/uploads/2025/07/NSPanel-US-B-Smart-Scene-Wall-Switch-1.jpg","3","EZS-885","https://electro-z-smart.com/product/sonoff-nspanel-us-b-smart-scene-wall-switch/","【All in One Control Center】 NSPanel can help you achieve the use of specific scene modes in different scenes with one tap. In addition to the scenario-based control, it is compatible with almost all s"
"855","SONOFF NSPanel Pro Smart Home Control Panel-120 Type (WHITE)","Sonoff","smart-controllers","7056","7840","Yes","https://electro-z-smart.com/wp-content/uploads/2025/07/1.jpg","10","EZS-855","https://electro-z-smart.com/product/sonoff-nspanel-pro-smart-home-control-panel-120-type-white/","SONOFF NSPanel Pro Smart Home Control Panel-120 Type (WHITE)"
"832","SONOFF NSPanel US w Smart Scene Wall Switch","Sonoff","smart-switches","3528","3920","Yes","https://electro-z-smart.com/wp-content/uploads/2025/07/NSPanel-Smart-Scene-Wall-Switch120-Type-White-1.jpg","3","EZS-832","https://electro-z-smart.com/product/sonoff-nspanel-smart-scene-wall-switch120-type-white/","SONOFF NSPanel US w Smart Scene Wall Switch"
"828","SONOFF NSPanel Pro Smart Home Control Panel-120 Type (BLACK)","Sonoff","smart-controllers","7056","7840","Yes","https://electro-z-smart.com/wp-content/uploads/2025/07/NSPanel-Pro-Smart-Home-Control-Panel-120-Type-BLACK-1.jpg","11","EZS-828","https://electro-z-smart.com/product/sonoff-nspanel-pro-smart-home-control-panel-120-type-black/","SONOFF NSPanel Pro Smart Home Control Panel-120 Type (BLACK)"
"743","SONOFF TX_ T3_ US_ 1C_ Black Series WiFi Wall Switches","Sonoff","smart-switches","1350","1500","No","https://electro-z-smart.com/wp-content/uploads/2025/07/T3_-US_-1C-1.jpeg","2","EZS-743","https://electro-z-smart.com/product/sonoff-tx_-t3_-us_-1c_-black-series-wifi-wall-switches/","All switches can be controlled remotely using your phone, and devices connected with switches can work independently. Works with Amazon Alexa and Google Assistant which let you turn on or off your app"
"751","SONOFF TX_ T3_ US_ 3C_ Black Series WiFi Wall Switches","Sonoff","smart-switches","1620","1800","No","https://electro-z-smart.com/wp-content/uploads/2025/07/T3_-US_-3C.jpeg","1","EZS-751","https://electro-z-smart.com/product/sonoff-tx_-_-3c_t3_-us-black-series-wifi-wall-switches/","All switches can be controlled remotely using your phone, and devices connected with switches can work independently. Works with Amazon Alexa and Google Assistant which let you turn on or off your app"
"805","SONOFF SwitchMan Smart Wall Switch-M5-1c- 86","Sonoff","smart-switches","1413","1570","No","https://electro-z-smart.com/wp-content/uploads/2025/07/SwitchMan-Smart-Wall-Switch-M5-1c-86.jpg","1","EZS-805","https://electro-z-smart.com/product/sonoff-switchman-smart-wall-switch-m5-1c-86/","SONOFF SwitchMan Smart Wall Switch-M5-1c- 86"
"803","SONOFF SwitchMan Smart Wall Switch-M5-2c-86","Sonoff","smart-switches","1512","1680","No","https://electro-z-smart.com/wp-content/uploads/2025/07/SwitchMan-Smart-Wall-Switch-M5-2c-86.jpg","1","EZS-803","https://electro-z-smart.com/product/sonoff-switchman-smart-wall-switch-m5-2c-86/","SONOFF SwitchMan Smart Wall Switch-M5-2c-86"
"800","SONOFF SwitchMan Smart Wall Switch-M5-3c-86","Sonoff","smart-switches","1611","1790","No","https://electro-z-smart.com/wp-content/uploads/2025/07/SwitchMan-Smart-Wall-Switch-M5-3c-86.webp","1","EZS-800","https://electro-z-smart.com/product/sonoff-switchman-smart-wall-switch-m5-3c-86/","SONOFF SwitchMan Smart Wall Switch-M5-3c-86"
"798","SONOFF SwitchMan Smart Wall Switch-M5 1c-120","Sonoff","smart-switches","1305","1450","Yes","https://electro-z-smart.com/wp-content/uploads/2025/07/SwitchMan-Smart-Wall-Switch-M5-1c-120.jpg","1","EZS-798","https://electro-z-smart.com/product/sonoff-switchman-smart-wall-switch-m5-1c-120/","SONOFF SwitchMan Smart Wall Switch-M5 1c-120"
"797","SONOFF SwitchMan Smart Wall Switch-M5-2c-120","Sonoff","smart-switches","1395","1550","Yes","https://electro-z-smart.com/wp-content/uploads/2025/07/SwitchMan-Smart-Wall-Switch-M5-2c-120.jpg","1","EZS-797","https://electro-z-smart.com/product/sonoff-switchman-smart-wall-switch-m5-2c-120/","SONOFF SwitchMan Smart Wall Switch-M5-2c-120"
"795","SONOFF SwitchMan Smart Wall Switch-M5-3c-120","Sonoff","smart-switches","1485","1650","Yes","https://electro-z-smart.com/wp-content/uploads/2025/07/SwitchMan-Smart-Wall-Switch-M5-3c-120.jpg","1","EZS-795","https://electro-z-smart.com/product/sonoff-switchman-smart-wall-switch-m5-3c-120/","SONOFF SwitchMan Smart Wall Switch-M5-3c-120"
"791","SONOFF TX_ T2_ UK_ 2C White Series WiFi Wall Switches","Sonoff","smart-switches","1260","1400","No","https://electro-z-smart.com/wp-content/uploads/2025/07/X_-T2_-UK_-2C-1.jpeg","2","EZS-791","https://electro-z-smart.com/product/sonoff-tx_-t2_-uk_-2c-white-series-wifi-wall-switches/","All switches can be controlled remotely using your phone, and devices connected with switches can work independently. Works with Amazon Alexa and Google Assistant which let you turn on or off your app"
"790","SONOFF TX_ T2_ UK_ 3C_ White Series WiFi Wall Switches","Sonoff","smart-switches","1485","1650","No","https://electro-z-smart.com/wp-content/uploads/2025/07/TX_-T2_-UK_-3C.jpeg","1","EZS-790","https://electro-z-smart.com/product/sonoff-tx_-t2_-uk_-3c_-white-series-wifi-wall-switches/","All switches can be controlled remotely using your phone, and devices connected with switches can work independently. Works with Amazon Alexa and Google Assistant which let you turn on or off your app"
"788","SONOFF TX-T2-UK-1C White Series WiFi Wall Switches","Sonoff","smart-switches","1035","1150","No","https://electro-z-smart.com/wp-content/uploads/2025/07/TX-T2-UK-1C-1.jpeg","4","EZS-788","https://electro-z-smart.com/product/sonoff-tx-t2-uk-1c-white-series-wifi-wall-switches/","All switches can be controlled remotely using your phone, and devices connected with switches can work independently. Works with Amazon Alexa and Google Assistant which let you turn on or off your app"
"783","SONOFF TX_ T3_ UK_ 1C_ Black Series WiFi Wall Switches","Sonoff","smart-switches","1035","1150","No","https://electro-z-smart.com/wp-content/uploads/2025/07/TX_-T3_-UK_-1C-1.jpeg","4","EZS-783","https://electro-z-smart.com/product/sonoff-tx_-t3_-uk_-1c_-black-series-wifi-wall-switches/","All switches can be controlled remotely using your phone, and devices connected with switches can work independently. Works with Amazon Alexa and Google Assistant which let you turn on or off your app"
"774","SONOFF TX_ T3_ UK_ 3C_ Black Series WiFi Wall Switches","Sonoff","smart-switches","1485","1650","No","https://electro-z-smart.com/wp-content/uploads/2025/07/TX_-T3_-UK_-3C-1.jpeg","4","EZS-774","https://electro-z-smart.com/product/sonoff-tx_-t3_-uk_-3c_-black-series-wifi-wall-switches/","All switches can be controlled remotely using your phone, and devices connected with switches can work independently. Works with Amazon Alexa and Google Assistant which let you turn on or off your app"
"769","SONOFF TX_ T0_ US_ 2C_ White Series WiFi Wall Switches","Sonoff","smart-switches","1170","1300","Yes","https://electro-z-smart.com/wp-content/uploads/2025/07/TX_-T0_-US_-2C.jpeg","1","EZS-769","https://electro-z-smart.com/product/sonoff-tx_-t0_-us_-2c_-white-series-wifi-wall-switches/","All switches can be controlled remotely using your phone, and devices connected with switches can work independently. Works with Amazon Alexa and Google Assistant which let you turn on or off your app"
"765","SONOFF TX_ T2_ US_ 3C_ White Series WiFi Wall Switches","Sonoff","smart-switches","1620","1800","No","https://electro-z-smart.com/wp-content/uploads/2025/07/TX_-T2_-US_-3C-1.jpg","3","EZS-765","https://electro-z-smart.com/product/sonoff-tx_-t2_-us_-3c_-white-series-wifi-wall-switches/","All switches can be controlled remotely using your phone, and devices connected with switches can work independently. Works with Amazon Alexa and Google Assistant which let you turn on or off your app"
"758","SONOFF TX_ T2_ US_ 2C_ White Series WiFi Wall Switches","Sonoff","smart-switches","1485","1650","Yes","https://electro-z-smart.com/wp-content/uploads/2025/07/TX_-T2_-US_-2C-1.jpeg","2","EZS-758","https://electro-z-smart.com/product/sonoff-tx_-t2_-us_-2c_-white-series-wifi-wall-switches/","All switches can be controlled remotely using your phone, and devices connected with switches can work independently. Works with Amazon Alexa and Google Assistant which let you turn on or off your app"
"757","SONOFF TX_ T2_ US_ 1C_ White Series WiFi Wall Switches","Sonoff","smart-switches","1350","1500","No","https://electro-z-smart.com/wp-content/uploads/2025/07/TX_-T2_-US_-1C-1.jpeg","4","EZS-757","https://electro-z-smart.com/product/sonoff-tx_-t2_-us_-1c_-white-series-wifi-wall-switches/","All switches can be controlled remotely using your phone, and devices connected with switches can work independently. Works with Amazon Alexa and Google Assistant which let you turn on or off your app"
"750","SONOFF TX_ T3_ US_ 2C_ Black Series WiFi Wall Switches","Sonoff","smart-switches","1485","1650","No","https://electro-z-smart.com/wp-content/uploads/2025/07/T3_-US_-2C-1.jpeg","4","EZS-750","https://electro-z-smart.com/product/sonoff-tx_-t3_-us_-2c_-black-series-wifi-wall-switches/","All switches can be controlled remotely using your phone, and devices connected with switches can work independently. Works with Amazon Alexa and Google Assistant which let you turn on or off your app"
"729","SONOFF TX Ultimate T5-3C-86 Smart Touch Wall Switch","Sonoff","smart-switches","1800","2000","No","https://electro-z-smart.com/wp-content/uploads/2025/07/T5-3C-86-1.png","13","EZS-729","https://electro-z-smart.com/product/sonoff-tx-ultimate-t5-3c-86-smart-touch-wall-switch/","SONOFF TX Ultimate T5-3C-86 Smart Touch Wall Switch"
"728","SONOFF TX Ultimate T5-1C-86 Smart Touch Wall Switch","Sonoff","smart-switches","1620","1800","No","https://electro-z-smart.com/wp-content/uploads/2025/07/T5-1C-86.jpg","1","EZS-728","https://electro-z-smart.com/product/sonoff-tx-ultimate-t5-1c-86-smart-touch-wall-switch/","SONOFF TX Ultimate T5-1C-86 Smart Touch Wall Switch"
"726","SONOFF TX Ultimate T5-2C-86 Smart Touch Wall Switch","Sonoff","smart-switches","1710","1900","No","https://electro-z-smart.com/wp-content/uploads/2025/07/T5-2C-86-1.jpg","2","EZS-726","https://electro-z-smart.com/product/sonoff-tx-ultimate-t5-2c-86-smart-touch-wall-switch/","SONOFF TX Ultimate T5-2C-86 Smart Touch Wall Switch"
"723","SONOFF TX Ultimate T5-4C-86 Smart Touch Wall Switch","Sonoff","smart-switches","1980","2200","Yes","https://electro-z-smart.com/wp-content/uploads/2025/07/T5-4C-86-1.jpg","2","EZS-723","https://electro-z-smart.com/product/sonoff-tx-ultimate-t5-4c-86-smart-touch-wall-switch/","SONOFF TX Ultimate T5-4C-86 Smart Touch Wall Switch"
"720","SONOFF TX Ultimate T5-1C-120 Smart Touch Wall Switch","Sonoff","smart-switches","1620","1800","Yes","https://electro-z-smart.com/wp-content/uploads/2025/07/T5-1C-120-1.jpg","8","EZS-720","https://electro-z-smart.com/product/sonoff-tx-ultimate-t5-1c-120-smart-touch-wall-switch/","SONOFF TX Ultimate T5-1C-120 Smart Touch Wall Switch"
"711","SONOFF TX Ultimate T5-2C-120 Smart Touch Wall Switch","Sonoff","smart-switches","1710","1900","Yes","https://electro-z-smart.com/wp-content/uploads/2025/07/T5-2C-120-1.jpg","7","EZS-711","https://electro-z-smart.com/product/sonoff-tx-ultimate-t5-2c-120-smart-touch-wall-switch/","SONOFF TX Ultimate T5-2C-120 Smart Touch Wall Switch"
"702","SONOFF TX Ultimate T5-3C-120 Smart Touch Wall Switch","Sonoff","smart-switches","1800","2000","Yes","https://electro-z-smart.com/wp-content/uploads/2025/07/T5-3C-120-1.jpg","7","EZS-702","https://electro-z-smart.com/product/sonoff-tx-ultimate-t5-3c-120-smart-touch-wall-switch/","SONOFF TX Ultimate T5-3C-120 Smart Touch Wall Switch"
"693","SONOFF TX Ultimate T5-4C-120 Smart Touch Wall Switch","Sonoff","smart-switches","1980","2200","Yes","https://electro-z-smart.com/wp-content/uploads/2025/07/t5-4c-120-1.jpg","7","EZS-693","https://electro-z-smart.com/product/sonoff-tx-ultimate-t5-4c-120-smart-touch-wall-switch/","SONOFF TX Ultimate T5-4C-120 Smart Touch Wall Switch"
"684","SONOFF SwitchMan Smart Wall Switch-M5 US 1C Matter (White)","Sonoff","smart-switches","1350","1500","No","https://electro-z-smart.com/wp-content/uploads/2025/07/SwitchMan-Smart-Wall-Switch-M5-US-1C-Matter-White-1.jpg","7","EZS-684","https://electro-z-smart.com/product/sonoff-switchman-smart-wall-switch-m5-us-1c-matter-white/","SONOFF SwitchMan Smart Wall Switch-M5 US 1C Matter (White)"
"676","SONOFF SwitchMan Smart Wall Switch-M5 US 2C Matter (White) (0)","Sonoff","smart-switches","1485","1650","No","https://electro-z-smart.com/wp-content/uploads/2025/07/SwitchMan-Smart-Wall-Switch-M5-US-2C-Matter-White-1.jpg","9","EZS-676","https://electro-z-smart.com/product/sonoff-switchman-smart-wall-switch-m5-us-2c-matter-white-0/","SONOFF SwitchMan Smart Wall Switch-M5 US 2C Matter (White) (0)"
"666","SONOFF SwitchMan Zigbee Smart Wall Switch | ZB M5 US 3C","Sonoff","smart-switches","1980","2200","Yes","https://electro-z-smart.com/wp-content/uploads/2025/07/ZB-M5-US-3C.jpg","1","EZS-666","https://electro-z-smart.com/product/sonoff-switchman-zigbee-smart-wall-switch-zb-m5-us-3c/","【Support Both No Neutral & With Neutral Wire】The ZBM5 is designed to adapt to your home’s wiring configuration. Whether or not a neutral wire is available, it can be easily connected and used. 【Compat"
"664","SONOFF SwitchMan Zigbee Smart Wall Switch | ZB M5 US 1C","Sonoff","smart-switches","1620","1800","Yes","https://electro-z-smart.com/wp-content/uploads/2025/07/zb-m5-1.jpg","6","EZS-664","https://electro-z-smart.com/product/sonoff-switchman-zigbee-smart-wall-switch-zb-m5-us-1c/","【Support Both No Neutral & With Neutral Wire】The ZBM5 is designed to adapt to your home’s wiring configuration. Whether or not a neutral wire is available, it can be easily connected and used. 【Compat"
"654","SONOFF TX_ T3_ UK_ 2C_ Black Series WiFi Wall Switches","Sonoff","smart-switches","1260","1400","No","https://electro-z-smart.com/wp-content/uploads/2025/07/TX_-T3_-UK_-2C-1.jpeg","3","EZS-654","https://electro-z-smart.com/product/sonoff-tx_-t3_-uk_-2c_-black-series-wifi-wall-switches/","with Amazon Alexa and Google Assistant which let you turn on or off your appliances with a voice command, perfect for those need to handle much housework simultaneously. Features sensitive touch butto"
"641","SONOFF TX_ T0_ US_ 3C_ White Series WiFi Wall Switches","Sonoff","smart-switches","1530","1700","Yes","https://electro-z-smart.com/wp-content/uploads/2025/07/TX_-T0_-US_-3C.webp","1","EZS-641","https://electro-z-smart.com/product/sonoff-tx_-t0_-us_-3c_-white-series-wifi-wall-switches/","【Remote Control & Sync Status】Just tap on eWeLink App to turn on/off your device anytime and anywhere, and get the sync status of your devices. 【Touch Control】A slight tap for easier control, a modern"